dataset,model,attack,defense_name,n_seeds,seeds,clean_acc_mean,clean_acc_std,clean_acc_min,clean_acc_max,backdoored_clean_acc_mean,backdoored_clean_acc_std,backdoored_clean_acc_min,backdoored_clean_acc_max,clean_trigger_asr_mean,clean_trigger_asr_std,clean_trigger_asr_min,clean_trigger_asr_max,poisoned_asr_mean,poisoned_asr_std,poisoned_asr_min,poisoned_asr_max,learned_backdoor_gap_mean,learned_backdoor_gap_std,learned_backdoor_gap_min,learned_backdoor_gap_max,detection_f1_mean,detection_f1_std,detection_f1_min,detection_f1_max,defense_clean_acc_mean,defense_clean_acc_std,defense_clean_acc_min,defense_clean_acc_max,defense_asr_mean,defense_asr_std,defense_asr_min,defense_asr_max,asr_drop_mean,asr_drop_std,asr_drop_min,asr_drop_max,relative_asr_reduction_mean,relative_asr_reduction_std,relative_asr_reduction_min,relative_asr_reduction_max,utility_drop_mean,utility_drop_std,utility_drop_min,utility_drop_max,all_attack_valid
ACM,HAN,cba,HeteroGuard-HR,5,"1,2,3,4,5",0.886956536769867,0.004547067839580113,0.8804348111152649,0.8913043737411499,0.7141304194927216,0.19952388052461892,0.3695652186870575,0.8695651888847351,0.075,0.014192111034831992,0.0546875,0.09375,0.6484375,0.22541465697271107,0.390625,1.0,0.5734375,0.2342186978819155,0.3203125,0.9453125,1.0,0.0,1.0,1.0,0.8869565248489379,0.01777764954751682,0.8695651888847351,0.9130434989929199,0.0796875,0.012837247441527332,0.0625,0.09375,0.56875,0.2223064686769708,0.3046875,0.90625,0.8653489306626274,0.05265620032548508,0.78,0.9101123595505618,1.1920928955078126e-08,0.01843024891350408,-0.02173912525177002,0.021739184856414795,False
ACM,HAN,cba,HeteroGuard-Unlearn,5,"1,2,3,4,5",0.886956536769867,0.004547067839580113,0.8804348111152649,0.8913043737411499,0.7141304194927216,0.19952388052461892,0.3695652186870575,0.8695651888847351,0.075,0.014192111034831992,0.0546875,0.09375,0.6484375,0.22541465697271107,0.390625,1.0,0.5734375,0.2342186978819155,0.3203125,0.9453125,1.0,0.0,1.0,1.0,0.883695662021637,0.008242267708093689,0.875,0.8913043737411499,0.06875,0.02304356438086348,0.046875,0.09375,0.5796875,0.2128386547804463,0.34375,0.90625,0.8895350278381217,0.03603062347936932,0.8309859154929577,0.9213483146067416,0.0032608747482299806,0.009094157051471374,-0.005434811115264893,0.016304373741149902,False
ACM,HAN,cba,NoDefense,5,"1,2,3,4,5",0.886956536769867,0.004547067839580113,0.8804348111152649,0.8913043737411499,0.7141304194927216,0.19952388052461892,0.3695652186870575,0.8695651888847351,0.075,0.014192111034831992,0.0546875,0.09375,0.6484375,0.22541465697271107,0.390625,1.0,0.5734375,0.2342186978819155,0.3203125,0.9453125,,,,,0.7141304194927216,0.19952388052461892,0.3695652186870575,0.8695651888847351,0.6484375,0.22541465697271107,0.390625,1.0,0.0,0.0,0.0,0.0,0.0,0.0,0.0,0.0,0.1728261172771454,0.20135851162261853,0.016304373741149902,0.5217391550540924,False
ACM,HAN,clean_label,HeteroGuard-HR,5,"1,2,3,4,5",0.886956536769867,0.004547067839580113,0.8804348111152649,0.8913043737411499,0.816304349899292,0.01692651680961003,0.7989130616188049,0.8369565010070801,0.075,0.011848242881330547,0.0625,0.09375,0.8625,0.10606026257215753,0.703125,0.9921875,0.7875,0.1020720391286223,0.6328125,0.9140625,1.0,0.0,1.0,1.0,0.844565212726593,0.011269798084823549,0.83152174949646,0.8586956262588501,0.128125,0.04508293139454221,0.0625,0.1875,0.734375,0.08821554523934542,0.640625,0.859375,0.853086497043171,0.04701151739510719,0.7857142857142857,0.9111111111111111,0.04239132404327393,0.011782338866300963,0.027173936367034912,0.054347872734069824,True
ACM,HAN,clean_label,HeteroGuard-Unlearn,5,"1,2,3,4,5",0.886956536769867,0.004547067839580113,0.8804348111152649,0.8913043737411499,0.816304349899292,0.01692651680961003,0.7989130616188049,0.8369565010070801,0.075,0.011848242881330547,0.0625,0.09375,0.8625,0.10606026257215753,0.703125,0.9921875,0.7875,0.1020720391286223,0.6328125,0.9140625,1.0,0.0,1.0,1.0,0.848913037776947,0.023501895423325047,0.820652186870575,0.8695651888847351,0.0296875,0.010186253758129139,0.0234375,0.046875,0.8328125,0.10165260426140099,0.6796875,0.9609375,0.9657246736560443,0.010100481487808776,0.9482758620689655,0.9732142857142857,0.03804349899291992,0.025491380744498377,0.010869622230529785,0.06521743535995483,True
ACM,HAN,clean_label,NoDefense,5,"1,2,3,4,5",0.886956536769867,0.004547067839580113,0.8804348111152649,0.8913043737411499,0.816304349899292,0.01692651680961003,0.7989130616188049,0.8369565010070801,0.075,0.011848242881330547,0.0625,0.09375,0.8625,0.10606026257215753,0.703125,0.9921875,0.7875,0.1020720391286223,0.6328125,0.9140625,,,,,0.816304349899292,0.01692651680961003,0.7989130616188049,0.8369565010070801,0.8625,0.10606026257215753,0.703125,0.9921875,0.0,0.0,0.0,0.0,0.0,0.0,0.0,0.0,0.07065218687057495,0.01843023133703396,0.04891306161880493,0.09239131212234497,True
ACM,HAN,feature,HeteroGuard-HR,5,"1,2,3,4,5",0.886956536769867,0.004547067839580113,0.8804348111152649,0.8913043737411499,0.831521737575531,0.03543043940708895,0.79347825050354,0.8695651888847351,0.0953125,0.02614562582918986,0.0625,0.125,0.871875,0.07882498909768398,0.7578125,0.9609375,0.7765625,0.09704496179284632,0.6328125,0.8828125,1.0,0.0,1.0,1.0,0.884782612323761,0.016926547430253958,0.8695651888847351,0.9130434989929199,0.0703125,0.009568319307746789,0.0625,0.0859375,0.8015625,0.08388893559716323,0.6875,0.8984375,0.9184426681343424,0.015645053245157345,0.8990825688073395,0.9349593495934959,0.002173924446105957,0.01866910684818102,-0.027173936367034912,0.016304373741149902,True
ACM,HAN,feature,HeteroGuard-Unlearn,5,"1,2,3,4,5",0.886956536769867,0.004547067839580113,0.8804348111152649,0.8913043737411499,0.831521737575531,0.03543043940708895,0.79347825050354,0.8695651888847351,0.0953125,0.02614562582918986,0.0625,0.125,0.871875,0.07882498909768398,0.7578125,0.9609375,0.7765625,0.09704496179284632,0.6328125,0.8828125,1.0,0.0,1.0,1.0,0.8760869622230529,0.01178234848904371,0.8586956262588501,0.8913043737411499,0.0203125,0.008907620508587016,0.0078125,0.03125,0.8515625,0.08432434822235509,0.7265625,0.9375,0.9760695860450046,0.012074250402756267,0.9587628865979382,0.9915966386554622,0.010869574546813966,0.013856039672838877,-0.01086956262588501,0.027173936367034912,True
ACM,HAN,feature,NoDefense,5,"1,2,3,4,5",0.886956536769867,0.004547067839580113,0.8804348111152649,0.8913043737411499,0.831521737575531,0.03543043940708895,0.79347825050354,0.8695651888847351,0.0953125,0.02614562582918986,0.0625,0.125,0.871875,0.07882498909768398,0.7578125,0.9609375,0.7765625,0.09704496179284632,0.6328125,0.8828125,,,,,0.831521737575531,0.03543043940708895,0.79347825050354,0.8695651888847351,0.871875,0.07882498909768398,0.7578125,0.9609375,0.0,0.0,0.0,0.0,0.0,0.0,0.0,0.0,0.055434799194335936,0.038121029860692976,0.016304373741149902,0.09239131212234497,True
ACM,HAN,relation,HeteroGuard-HR,5,"1,2,3,4,5",0.886956536769867,0.004547067839580113,0.8804348111152649,0.8913043737411499,0.7282608866691589,0.13009465976208515,0.5163043737411499,0.842391312122345,0.075,0.011848242881330547,0.0625,0.09375,0.99375,0.013975424859373685,0.96875,1.0,0.91875,0.011848242881330547,0.90625,0.9296875,1.0,0.0,1.0,1.0,0.888043487071991,0.01468397932997899,0.864130437374115,0.9021739363670349,0.0796875,0.021678807696111888,0.0625,0.1171875,0.9140625,0.019918044974971814,0.8828125,0.9296875,0.9199092741935484,0.021294542716597007,0.8828125,0.9354838709677419,-0.0010869503021240234,0.016484510852346326,-0.02173912525177002,0.02173912525177002,True
ACM,HAN,relation,HeteroGuard-Unlearn,5,"1,2,3,4,5",0.886956536769867,0.004547067839580113,0.8804348111152649,0.8913043737411499,0.7282608866691589,0.13009465976208515,0.5163043737411499,0.842391312122345,0.075,0.011848242881330547,0.0625,0.09375,0.99375,0.013975424859373685,0.96875,1.0,0.91875,0.011848242881330547,0.90625,0.9296875,1.0,0.0,1.0,1.0,0.886956512928009,0.020479831532700016,0.864130437374115,0.907608687877655,0.0125,0.006987712429686843,0.0078125,0.0234375,0.98125,0.020372507516258277,0.9453125,0.9921875,0.9873487903225806,0.007285402284682822,0.9758064516129032,0.9921875,2.384185791015625e-08,0.02337588523349969,-0.027173876762390137,0.021739184856414795,True
ACM,HAN,relation,NoDefense,5,"1,2,3,4,5",0.886956536769867,0.004547067839580113,0.8804348111152649,0.8913043737411499,0.7282608866691589,0.13009465976208515,0.5163043737411499,0.842391312122345,0.075,0.011848242881330547,0.0625,0.09375,0.99375,0.013975424859373685,0.96875,1.0,0.91875,0.011848242881330547,0.90625,0.9296875,,,,,0.7282608866691589,0.13009465976208515,0.5163043737411499,0.842391312122345,0.99375,0.013975424859373685,0.96875,1.0,0.0,0.0,0.0,0.0,0.0,0.0,0.0,0.0,0.15869565010070802,0.1282884827369599,0.04891306161880493,0.3695651888847351,True
ACM,HAN,sba,HeteroGuard-HR,5,"1,2,3,4,5",0.886956536769867,0.004547067839580113,0.8804348111152649,0.8913043737411499,0.6673913121223449,0.23396092942269017,0.30434781312942505,0.885869562625885,0.0796875,0.018652088103614566,0.0546875,0.1015625,0.971875,0.06288941186718158,0.859375,1.0,0.8921875,0.07642685688372249,0.7578125,0.9453125,1.0,0.0,1.0,1.0,0.884782612323761,0.008930280538872709,0.8695651888847351,0.8913043737411499,0.0703125,0.012352647110032733,0.0546875,0.0859375,0.9015625,0.05485465525481862,0.8046875,0.9375,0.9278977272727272,0.009934350786153845,0.9140625,0.9375,0.002173924446105957,0.0048610428394414975,0.0,0.010869622230529785,True
ACM,HAN,sba,HeteroGuard-Unlearn,5,"1,2,3,4,5",0.886956536769867,0.004547067839580113,0.8804348111152649,0.8913043737411499,0.6673913121223449,0.23396092942269017,0.30434781312942505,0.885869562625885,0.0796875,0.018652088103614566,0.0546875,0.1015625,0.971875,0.06288941186718158,0.859375,1.0,0.8921875,0.07642685688372249,0.7578125,0.9453125,1.0,0.0,1.0,1.0,0.880434787273407,0.013312465413834483,0.8695651888847351,0.9021739363670349,0.0234375,0.018321936561810272,0.0078125,0.0546875,0.9484375,0.0564990147867642,0.8515625,0.984375,0.9763068181818182,0.018056374340188478,0.9453125,0.990909090909091,0.006521749496459961,0.015080937252113418,-0.016304373741149902,0.021739184856414795,True
ACM,HAN,sba,NoDefense,5,"1,2,3,4,5",0.886956536769867,0.004547067839580113,0.8804348111152649,0.8913043737411499,0.6673913121223449,0.23396092942269017,0.30434781312942505,0.885869562625885,0.0796875,0.018652088103614566,0.0546875,0.1015625,0.971875,0.06288941186718158,0.859375,1.0,0.8921875,0.07642685688372249,0.7578125,0.9453125,,,,,0.6673913121223449,0.23396092942269017,0.30434781312942505,0.885869562625885,0.971875,0.06288941186718158,0.859375,1.0,0.0,0.0,0.0,0.0,0.0,0.0,0.0,0.0,0.21956522464752198,0.23046940116574097,0.0,0.5760869979858398,True
ACM,HAN,uba,HeteroGuard-HR,5,"1,2,3,4,5",0.886956536769867,0.004547067839580113,0.8804348111152649,0.8913043737411499,0.606521737575531,0.2764964108731006,0.30434781312942505,0.8260869383811951,0.08125,0.018814991529362963,0.0546875,0.1015625,0.9859375,0.023696485762661094,0.9453125,1.0,0.9046875,0.03882741762434118,0.84375,0.9453125,1.0,0.0,1.0,1.0,0.872826075553894,0.017442188930603928,0.8478260636329651,0.89673912525177,0.084375,0.03332926407453366,0.0546875,0.1328125,0.9015625,0.03519962601896503,0.8515625,0.9453125,0.9145706250819887,0.03342391678037381,0.8650793650793651,0.9453125,0.0141304612159729,0.01364120470602068,-0.005434751510620117,0.032608747482299805,True
ACM,HAN,uba,HeteroGuard-Unlearn,5,"1,2,3,4,5",0.886956536769867,0.004547067839580113,0.8804348111152649,0.8913043737411499,0.606521737575531,0.2764964108731006,0.30434781312942505,0.8260869383811951,0.08125,0.018814991529362963,0.0546875,0.1015625,0.9859375,0.023696485762661094,0.9453125,1.0,0.9046875,0.03882741762434118,0.84375,0.9453125,1.0,0.0,1.0,1.0,0.87826087474823,0.015657474828425784,0.8586956262588501,0.8913043737411499,0.0078125,0.0078125,0.0,0.015625,0.978125,0.021678807696111888,0.9453125,1.0,0.9921378968253968,0.007875040992186774,0.9841269841269841,1.0,0.008695662021636963,0.012511828190536702,-0.005434811115264893,0.021739184856414795,True
ACM,HAN,uba,NoDefense,5,"1,2,3,4,5",0.886956536769867,0.004547067839580113,0.8804348111152649,0.8913043737411499,0.606521737575531,0.2764964108731006,0.30434781312942505,0.8260869383811951,0.08125,0.018814991529362963,0.0546875,0.1015625,0.9859375,0.023696485762661094,0.9453125,1.0,0.9046875,0.03882741762434118,0.84375,0.9453125,,,,,0.606521737575531,0.2764964108731006,0.30434781312942505,0.8260869383811951,0.9859375,0.023696485762661094,0.9453125,1.0,0.0,0.0,0.0,0.0,0.0,0.0,0.0,0.0,0.28043479919433595,0.27777535636546313,0.06521737575531006,0.5869565606117249,True
DBLP,HAN,cba,HeteroGuard-HR,5,"1,2,3,4,5",0.85,0.020639492590150656,0.8266128897666931,0.8830645084381104,0.7604838728904724,0.018167549446458632,0.7338709831237793,0.7822580933570862,0.08323699533939362,0.06858912137846634,0.028901733458042145,0.1791907548904419,0.6901734054088593,0.21595610987616007,0.48554912209510803,0.9942196607589722,0.6069364100694656,0.2557436054563948,0.35260117053985596,0.9537572339177132,1.0,0.0,1.0,1.0,0.8411290287971497,0.020874487850861993,0.8104838728904724,0.8669354915618896,0.09710982590913772,0.02532821282110408,0.06358381360769272,0.13294798135757446,0.5930635794997215,0.21722879059223846,0.35260114073753357,0.8959537670016289,0.8479861798409355,0.06987212045220403,0.7261904608458277,0.9011627936603782,0.008870971202850342,0.02323366174794262,-0.02419358491897583,0.04032260179519653,False
DBLP,HAN,cba,HeteroGuard-Unlearn,5,"1,2,3,4,5",0.85,0.020639492590150656,0.8266128897666931,0.8830645084381104,0.7604838728904724,0.018167549446458632,0.7338709831237793,0.7822580933570862,0.08323699533939362,0.06858912137846634,0.028901733458042145,0.1791907548904419,0.6901734054088593,0.21595610987616007,0.48554912209510803,0.9942196607589722,0.6069364100694656,0.2557436054563948,0.35260117053985596,0.9537572339177132,1.0,0.0,1.0,1.0,0.8129032254219055,0.010514832561301212,0.8024193644523621,0.8306451439857483,0.0161849707365036,0.011118718862269946,0.005780346691608429,0.034682080149650574,0.6739884346723557,0.21291772471692405,0.4739884287118912,0.9826589673757553,0.9761526798860316,0.013681823961365754,0.9583333333333334,0.9904761903592789,0.03709677457809448,0.023233634852144275,0.016129016876220703,0.07258063554763794,False
DBLP,HAN,cba,NoDefense,5,"1,2,3,4,5",0.85,0.020639492590150656,0.8266128897666931,0.8830645084381104,0.7604838728904724,0.018167549446458632,0.7338709831237793,0.7822580933570862,0.08323699533939362,0.06858912137846634,0.028901733458042145,0.1791907548904419,0.6901734054088593,0.21595610987616007,0.48554912209510803,0.9942196607589722,0.6069364100694656,0.2557436054563948,0.35260117053985596,0.9537572339177132,,,,,0.7604838728904724,0.018167549446458632,0.7338709831237793,0.7822580933570862,0.6901734054088593,0.21595610987616007,0.48554912209510803,0.9942196607589722,0.0,0.0,0.0,0.0,0.0,0.0,0.0,0.0,0.08951612710952758,0.03710992173305444,0.056451618671417236,0.14919352531433105,False
DBLP,HAN,clean_label,HeteroGuard-HR,5,"1,2,3,4,5",0.85,0.020639492590150656,0.8266128897666931,0.8830645084381104,0.7604838609695435,0.004597477168319028,0.7540322542190552,0.7661290168762207,0.14913294613361358,0.11278343699700547,0.005780346691608429,0.3005780279636383,0.8554913520812988,0.10144467782572253,0.7167630195617676,0.9826589822769165,0.7063584059476853,0.20629441647969027,0.4161849915981293,0.9768786355853081,1.0,0.0,1.0,1.0,0.8104838848114013,0.02095223333888193,0.7943548560142517,0.8467742204666138,0.11445086896419525,0.1381490862794416,0.005780346691608429,0.35260117053985596,0.7410404831171036,0.1412582474793778,0.5375722646713257,0.9306358620524406,0.8708592807984809,0.1548019504944156,0.6038960986785613,0.9919354842062826,0.039516115188598634,0.03366391709972915,0.0,0.08870965242385864,False
DBLP,HAN,clean_label,HeteroGuard-Unlearn,5,"1,2,3,4,5",0.85,0.020639492590150656,0.8266128897666931,0.8830645084381104,0.7604838609695435,0.004597477168319028,0.7540322542190552,0.7661290168762207,0.14913294613361358,0.11278343699700547,0.005780346691608429,0.3005780279636383,0.8554913520812988,0.10144467782572253,0.7167630195617676,0.9826589822769165,0.7063584059476853,0.20629441647969027,0.4161849915981293,0.9768786355853081,1.0,0.0,1.0,1.0,0.7620967745780944,0.021336697853507766,0.725806474685669,0.7822580933570862,0.017341040074825287,0.017341040074825287,0.0,0.04624277353286743,0.8381503120064735,0.10340198946087104,0.7167630195617676,0.9710982888936996,0.9795593505143639,0.022125204914770682,0.9420289887560187,1.0,0.08790322542190551,0.026348873077242825,0.06048387289047241,0.11693543195724487,False
DBLP,HAN,clean_label,NoDefense,5,"1,2,3,4,5",0.85,0.020639492590150656,0.8266128897666931,0.8830645084381104,0.7604838609695435,0.004597477168319028,0.7540322542190552,0.7661290168762207,0.14913294613361358,0.11278343699700547,0.005780346691608429,0.3005780279636383,0.8554913520812988,0.10144467782572253,0.7167630195617676,0.9826589822769165,0.7063584059476853,0.20629441647969027,0.4161849915981293,0.9768786355853081,,,,,0.7604838609695435,0.004597477168319028,0.7540322542190552,0.7661290168762207,0.8554913520812988,0.10144467782572253,0.7167630195617676,0.9826589822769165,0.0,0.0,0.0,0.0,0.0,0.0,0.0,0.0,0.08951613903045655,0.021412777000193894,0.06451612710952759,0.12096774578094482,False
DBLP,HAN,feature,HeteroGuard-HR,5,"1,2,3,4,5",0.85,0.020639492590150656,0.8266128897666931,0.8830645084381104,0.7338709712028504,0.021336709117716436,0.6975806355476379,0.7540322542190552,0.14797687977552415,0.1227966660203858,0.05202312022447586,0.3583815097808838,0.8589595317840576,0.021858567961623238,0.8323699235916138,0.884393036365509,0.7109826520085335,0.11223404918163454,0.5202311873435974,0.7976878806948662,1.0,0.0,1.0,1.0,0.8322580575942993,0.009282969636717715,0.8225806355476379,0.8467742204666138,0.07398843765258789,0.06244379872360825,0.040462426841259,0.18497109413146973,0.7849710941314697,0.07813096415951114,0.647398829460144,0.8381502702832222,0.9128649713342306,0.07589821850775114,0.7777777777777778,0.9539473684210527,0.017741942405700685,0.016771471196137838,-0.008064508438110352,0.03629028797149658,False
DBLP,HAN,feature,HeteroGuard-Unlearn,5,"1,2,3,4,5",0.85,0.020639492590150656,0.8266128897666931,0.8830645084381104,0.7338709712028504,0.021336709117716436,0.6975806355476379,0.7540322542190552,0.14797687977552415,0.1227966660203858,0.05202312022447586,0.3583815097808838,0.8589595317840576,0.021858567961623238,0.8323699235916138,0.884393036365509,0.7109826520085335,0.11223404918163454,0.5202311873435974,0.7976878806948662,1.0,0.0,1.0,1.0,0.7959677338600158,0.025597699582064738,0.7620967626571655,0.8266128897666931,0.01965317875146866,0.01714727935567794,0.0,0.04624277353286743,0.8393063530325889,0.03777180595772366,0.7861271500587463,0.8786126971244812,0.9767507006756286,0.020685561778235943,0.9444444444444444,1.0,0.05403226613998413,0.04540545430779668,0.0,0.12096774578094482,False
DBLP,HAN,feature,NoDefense,5,"1,2,3,4,5",0.85,0.020639492590150656,0.8266128897666931,0.8830645084381104,0.7338709712028504,0.021336709117716436,0.6975806355476379,0.7540322542190552,0.14797687977552415,0.1227966660203858,0.05202312022447586,0.3583815097808838,0.8589595317840576,0.021858567961623238,0.8323699235916138,0.884393036365509,0.7109826520085335,0.11223404918163454,0.5202311873435974,0.7976878806948662,,,,,0.7338709712028504,0.021336709117716436,0.6975806355476379,0.7540322542190552,0.8589595317840576,0.021858567961623238,0.8323699235916138,0.884393036365509,0.0,0.0,0.0,0.0,0.0,0.0,0.0,0.0,0.11612902879714966,0.039856177426492216,0.08467739820480347,0.1854838728904724,False
DBLP,HAN,relation,HeteroGuard-HR,5,"1,2,3,4,5",0.85,0.020639492590150656,0.8266128897666931,0.8830645084381104,0.7290322542190552,0.02899302958683131,0.6854838728904724,0.7620967626571655,0.05433526039123535,0.06598209733096604,0.0,0.16763006150722504,0.9872832417488098,0.014392951379540216,0.9653179049491882,1.0,0.9329479813575745,0.06405501310165462,0.832369938492775,1.0,1.0,0.0,1.0,1.0,0.8290322542190551,0.019041477907272737,0.7983871102333069,0.8467742204666138,0.04161849617958069,0.022903598050098145,0.023121386766433716,0.06936416029930115,0.9456647455692291,0.03335616084752238,0.9017340913414955,0.9768786132335663,0.957680754032977,0.023622917217221626,0.9298245640483235,0.9768786132335663,0.020967745780944826,0.016229549409068574,-0.004032313823699951,0.04032260179519653,True
DBLP,HAN,relation,HeteroGuard-Unlearn,5,"1,2,3,4,5",0.85,0.020639492590150656,0.8266128897666931,0.8830645084381104,0.7290322542190552,0.02899302958683131,0.6854838728904724,0.7620967626571655,0.05433526039123535,0.06598209733096604,0.0,0.16763006150722504,0.9872832417488098,0.014392951379540216,0.9653179049491882,1.0,0.9329479813575745,0.06405501310165462,0.832369938492775,1.0,1.0,0.0,1.0,1.0,0.7991935610771179,0.01043723126042014,0.7862903475761414,0.8145161271095276,0.010404624044895172,0.017049573264869125,0.0,0.040462426841259,0.9768786177039146,0.029474109708214232,0.9248554781079292,0.9942196533083916,0.9893046278551265,0.017690639995030108,0.9580838326588494,1.0,0.05080643892288208,0.02237811669399803,0.03225809335708618,0.08870965242385864,True
DBLP,HAN,relation,NoDefense,5,"1,2,3,4,5",0.85,0.020639492590150656,0.8266128897666931,0.8830645084381104,0.7290322542190552,0.02899302958683131,0.6854838728904724,0.7620967626571655,0.05433526039123535,0.06598209733096604,0.0,0.16763006150722504,0.9872832417488098,0.014392951379540216,0.9653179049491882,1.0,0.9329479813575745,0.06405501310165462,0.832369938492775,1.0,,,,,0.7290322542190552,0.02899302958683131,0.6854838728904724,0.7620967626571655,0.9872832417488098,0.014392951379540216,0.9653179049491882,1.0,0.0,0.0,0.0,0.0,0.0,0.0,0.0,0.0,0.12096774578094482,0.0344516282866207,0.08467745780944824,0.16532260179519653,True
DBLP,HAN,sba,HeteroGuard-HR,5,"1,2,3,4,5",0.85,0.020639492590150656,0.8266128897666931,0.8830645084381104,0.7443548321723938,0.02028190345777953,0.7096773982048035,0.7620967626571655,0.06358381658792496,0.06900194694415937,0.005780346691608429,0.14450867474079132,1.0,0.0,1.0,1.0,0.936416183412075,0.06900194694415937,0.8554913252592087,0.9942196533083916,1.0,0.0,1.0,1.0,0.8274193525314331,0.015977117397317626,0.8145161271095276,0.8548387289047241,0.06358381360769272,0.02123834989623829,0.034682080149650574,0.08670520037412643,0.9364161863923073,0.02123834989623829,0.9132947996258736,0.9653179198503494,0.9364161863923073,0.02123834989623829,0.9132947996258736,0.9653179198503494,0.022580647468566896,0.013554629977731443,0.0,0.03629034757614136,True
DBLP,HAN,sba,HeteroGuard-Unlearn,5,"1,2,3,4,5",0.85,0.020639492590150656,0.8266128897666931,0.8830645084381104,0.7443548321723938,0.02028190345777953,0.7096773982048035,0.7620967626571655,0.06358381658792496,0.06900194694415937,0.005780346691608429,0.14450867474079132,1.0,0.0,1.0,1.0,0.936416183412075,0.06900194694415937,0.8554913252592087,0.9942196533083916,1.0,0.0,1.0,1.0,0.7967741966247559,0.033808499860433064,0.7379032373428345,0.8185483813285828,0.015028901398181915,0.01330735742882482,0.0,0.034682080149650574,0.9849710986018181,0.01330735742882482,0.9653179198503494,1.0,0.9849710986018181,0.01330735742882482,0.9653179198503494,1.0,0.05322580337524414,0.03985617802951311,0.008064508438110352,0.11290323734283447,True
DBLP,HAN,sba,NoDefense,5,"1,2,3,4,5",0.85,0.020639492590150656,0.8266128897666931,0.8830645084381104,0.7443548321723938,0.02028190345777953,0.7096773982048035,0.7620967626571655,0.06358381658792496,0.06900194694415937,0.005780346691608429,0.14450867474079132,1.0,0.0,1.0,1.0,0.936416183412075,0.06900194694415937,0.8554913252592087,0.9942196533083916,,,,,0.7443548321723938,0.02028190345777953,0.7096773982048035,0.7620967626571655,1.0,0.0,1.0,1.0,0.0,0.0,0.0,0.0,0.0,0.0,0.0,0.0,0.1056451678276062,0.027994462284808994,0.08064514398574829,0.14112907648086548,True
DBLP,HAN,uba,HeteroGuard-HR,5,"1,2,3,4,5",0.85,0.020639492590150656,0.8266128897666931,0.8830645084381104,0.7338709712028504,0.029216504813153903,0.7096773982048035,0.7822580933570862,0.06358381658792496,0.06900194694415937,0.005780346691608429,0.14450867474079132,0.9514450788497925,0.05369815235388031,0.8728323578834534,0.9942196607589722,0.8878612622618676,0.05672403498120485,0.8439306020736694,0.9826589673757553,1.0,0.0,1.0,1.0,0.8233870983123779,0.021222097203476595,0.8064516186714172,0.8588709831237793,0.080924853682518,0.029189319978672114,0.034682080149650574,0.10404624044895172,0.8705202251672745,0.038472976192723746,0.8208092376589775,0.9075144231319427,0.9157704758359617,0.02872204273112562,0.8930817618730335,0.9602649010014342,0.02661290168762207,0.02653336250806448,-0.012096762657165527,0.056451618671417236,True
DBLP,HAN,uba,HeteroGuard-Unlearn,5,"1,2,3,4,5",0.85,0.020639492590150656,0.8266128897666931,0.8830645084381104,0.7338709712028504,0.029216504813153903,0.7096773982048035,0.7822580933570862,0.06358381658792496,0.06900194694415937,0.005780346691608429,0.14450867474079132,0.9514450788497925,0.05369815235388031,0.8728323578834534,0.9942196607589722,0.8878612622618676,0.05672403498120485,0.8439306020736694,0.9826589673757553,1.0,0.0,1.0,1.0,0.7959677577018738,0.013851248110825304,0.7822580933570862,0.8145161271095276,0.011560693383216858,0.0070794499654127626,0.0,0.017341040074825287,0.9398843854665756,0.04724351260706119,0.8728323578834534,0.9768786206841469,0.9881406688496619,0.00713251336120327,0.9825581400577138,1.0,0.05403224229812622,0.028880641232474517,0.02016127109527588,0.09274190664291382,True
DBLP,HAN,uba,NoDefense,5,"1,2,3,4,5",0.85,0.020639492590150656,0.8266128897666931,0.8830645084381104,0.7338709712028504,0.029216504813153903,0.7096773982048035,0.7822580933570862,0.06358381658792496,0.06900194694415937,0.005780346691608429,0.14450867474079132,0.9514450788497925,0.05369815235388031,0.8728323578834534,0.9942196607589722,0.8878612622618676,0.05672403498120485,0.8439306020736694,0.9826589673757553,,,,,0.7338709712028504,0.029216504813153903,0.7096773982048035,0.7822580933570862,0.9514450788497925,0.05369815235388031,0.8728323578834534,0.9942196607589722,0.0,0.0,0.0,0.0,0.0,0.0,0.0,0.0,0.11612902879714966,0.04679854939412174,0.044354796409606934,0.1693548560142517,True
Freebase,HAN,cba,HeteroGuard-HR,5,"1,2,3,4,5",0.5020661175251007,0.04603777286857722,0.4524793326854706,0.5516529083251953,0.5053718984127045,0.033334316817283334,0.4483471214771271,0.5289255976676941,0.0029999999329447745,0.004472135855039552,0.0,0.009999999776482582,0.23700000047683717,0.08657367189387237,0.12999999523162842,0.3700000047683716,0.2340000005438924,0.0878493066293911,0.11999999545514584,0.3650000048801303,1.0,0.0,1.0,1.0,0.47024794220924376,0.012011941809188612,0.4524793326854706,0.48553720116615295,0.0,0.0,0.0,0.0,0.23700000047683717,0.08657367189387237,0.12999999523162842,0.3700000047683716,1.0,0.0,1.0,1.0,0.031818175315856935,0.04144095125888165,-0.02066117525100708,0.07851240038871765,False
Freebase,HAN,cba,HeteroGuard-Unlearn,5,"1,2,3,4,5",0.5020661175251007,0.04603777286857722,0.4524793326854706,0.5516529083251953,0.5053718984127045,0.033334316817283334,0.4483471214771271,0.5289255976676941,0.0029999999329447745,0.004472135855039552,0.0,0.009999999776482582,0.23700000047683717,0.08657367189387237,0.12999999523162842,0.3700000047683716,0.2340000005438924,0.0878493066293911,0.11999999545514584,0.3650000048801303,1.0,0.0,1.0,1.0,0.47603305578231814,0.016503082255229815,0.4628099203109741,0.49793389439582825,0.0,0.0,0.0,0.0,0.23700000047683717,0.08657367189387237,0.12999999523162842,0.3700000047683716,1.0,0.0,1.0,1.0,0.026033061742782592,0.04574942500964009,-0.012396693229675293,0.08884298801422119,False
Freebase,HAN,cba,NoDefense,5,"1,2,3,4,5",0.5020661175251007,0.04603777286857722,0.4524793326854706,0.5516529083251953,0.5053718984127045,0.033334316817283334,0.4483471214771271,0.5289255976676941,0.0029999999329447745,0.004472135855039552,0.0,0.009999999776482582,0.23700000047683717,0.08657367189387237,0.12999999523162842,0.3700000047683716,0.2340000005438924,0.0878493066293911,0.11999999545514584,0.3650000048801303,,,,,0.5053718984127045,0.033334316817283334,0.4483471214771271,0.5289255976676941,0.23700000047683717,0.08657367189387237,0.12999999523162842,0.3700000047683716,0.0,0.0,0.0,0.0,0.0,0.0,0.0,0.0,-0.00330578088760376,0.04084434127889811,-0.059917330741882324,0.043388426303863525,False
Freebase,HAN,clean_label,HeteroGuard-HR,5,"1,2,3,4,5",0.5020661175251007,0.04603777286857722,0.4524793326854706,0.5516529083251953,0.46322314739227294,0.027033762178048964,0.4400826394557953,0.5061983466148376,0.0009999999776482583,0.002236067927519776,0.0,0.004999999888241291,0.7660000026226044,0.20559060417356964,0.45500001311302185,0.9549999833106995,0.7650000026449562,0.20748493073142768,0.45000001322478056,0.9549999833106995,0.4456521739130435,0.0,0.4456521739130435,0.4456521739130435,0.46322314739227294,0.015829741714682787,0.4400826394557953,0.4793388545513153,0.0,0.0,0.0,0.0,0.7660000026226044,0.20559060417356964,0.45500001311302185,0.9549999833106995,1.0,0.0,1.0,1.0,0.03884297013282776,0.05328817445662704,-0.02066117525100708,0.11157026886940002,False
Freebase,HAN,clean_label,HeteroGuard-Unlearn,5,"1,2,3,4,5",0.5020661175251007,0.04603777286857722,0.4524793326854706,0.5516529083251953,0.46322314739227294,0.027033762178048964,0.4400826394557953,0.5061983466148376,0.0009999999776482583,0.002236067927519776,0.0,0.004999999888241291,0.7660000026226044,0.20559060417356964,0.45500001311302185,0.9549999833106995,0.7650000026449562,0.20748493073142768,0.45000001322478056,0.9549999833106995,0.4456521739130435,0.0,0.4456521739130435,0.4456521739130435,0.4652892589569092,0.010874130134883598,0.45041322708129883,0.47727271914482117,0.0,0.0,0.0,0.0,0.7660000026226044,0.20559060417356964,0.45500001311302185,0.9549999833106995,1.0,0.0,1.0,1.0,0.03677685856819153,0.0517849588749101,-0.024793386459350586,0.09297522902488708,False
Freebase,HAN,clean_label,NoDefense,5,"1,2,3,4,5",0.5020661175251007,0.04603777286857722,0.4524793326854706,0.5516529083251953,0.46322314739227294,0.027033762178048964,0.4400826394557953,0.5061983466148376,0.0009999999776482583,0.002236067927519776,0.0,0.004999999888241291,0.7660000026226044,0.20559060417356964,0.45500001311302185,0.9549999833106995,0.7650000026449562,0.20748493073142768,0.45000001322478056,0.9549999833106995,,,,,0.46322314739227294,0.027033762178048964,0.4400826394557953,0.5061983466148376,0.7660000026226044,0.20559060417356964,0.45500001311302185,0.9549999833106995,0.0,0.0,0.0,0.0,0.0,0.0,0.0,0.0,0.03884297013282776,0.02830654884901023,0.004132211208343506,0.07851240038871765,False
Freebase,HAN,feature,HeteroGuard-HR,5,"1,2,3,4,5",0.5020661175251007,0.04603777286857722,0.4524793326854706,0.5516529083251953,0.5355371952056884,0.04499201431980017,0.4566115736961365,0.5702479481697083,0.0,0.0,0.0,0.0,0.6389999985694885,0.2197555480583247,0.2549999952316284,0.7950000166893005,0.6389999985694885,0.2197555480583247,0.2549999952316284,0.7950000166893005,1.0,0.0,1.0,1.0,0.48677685856819153,0.023943770790496456,0.4524793326854706,0.5165289044380188,0.0,0.0,0.0,0.0,0.6389999985694885,0.2197555480583247,0.2549999952316284,0.7950000166893005,1.0,0.0,1.0,1.0,0.01528925895690918,0.06513346035724456,-0.04752066731452942,0.09917357563972473,False
Freebase,HAN,feature,HeteroGuard-Unlearn,5,"1,2,3,4,5",0.5020661175251007,0.04603777286857722,0.4524793326854706,0.5516529083251953,0.5355371952056884,0.04499201431980017,0.4566115736961365,0.5702479481697083,0.0,0.0,0.0,0.0,0.6389999985694885,0.2197555480583247,0.2549999952316284,0.7950000166893005,0.6389999985694885,0.2197555480583247,0.2549999952316284,0.7950000166893005,1.0,0.0,1.0,1.0,0.4743801593780518,0.016110399856229647,0.4566115736961365,0.48966941237449646,0.0,0.0,0.0,0.0,0.6389999985694885,0.2197555480583247,0.2549999952316284,0.7950000166893005,1.0,0.0,1.0,1.0,0.02768595814704895,0.05011342880209025,-0.03719007968902588,0.09297522902488708,False
Freebase,HAN,feature,NoDefense,5,"1,2,3,4,5",0.5020661175251007,0.04603777286857722,0.4524793326854706,0.5516529083251953,0.5355371952056884,0.04499201431980017,0.4566115736961365,0.5702479481697083,0.0,0.0,0.0,0.0,0.6389999985694885,0.2197555480583247,0.2549999952316284,0.7950000166893005,0.6389999985694885,0.2197555480583247,0.2549999952316284,0.7950000166893005,,,,,0.5355371952056884,0.04499201431980017,0.4566115736961365,0.5702479481697083,0.6389999985694885,0.2197555480583247,0.2549999952316284,0.7950000166893005,0.0,0.0,0.0,0.0,0.0,0.0,0.0,0.0,-0.03347107768058777,0.08147939883228363,-0.09917357563972473,0.0929751992225647,False
Freebase,HAN,relation,HeteroGuard-HR,5,"1,2,3,4,5",0.5020661175251007,0.04603777286857722,0.4524793326854706,0.5516529083251953,0.5524793267250061,0.009535522468029424,0.5433884263038635,0.5681818127632141,0.0009999999776482583,0.002236067927519776,0.0,0.004999999888241291,0.9980000019073486,0.0027386101757811525,0.9950000047683716,1.0,0.9970000019297004,0.0027386110259591165,0.9950000001117587,1.0,1.0,0.0,1.0,1.0,0.4896694242954254,0.027253938023680587,0.4648760259151459,0.5268595218658447,0.044000001065433024,0.05447476627921122,0.0,0.11500000208616257,0.9540000008419156,0.054589377590468426,0.8849999979138374,1.0,0.9559095467563616,0.0545705329845585,0.8849999979138374,1.0,0.012396693229675293,0.04904577882943061,-0.041322290897369385,0.08677688241004944,True
Freebase,HAN,relation,HeteroGuard-Unlearn,5,"1,2,3,4,5",0.5020661175251007,0.04603777286857722,0.4524793326854706,0.5516529083251953,0.5524793267250061,0.009535522468029424,0.5433884263038635,0.5681818127632141,0.0009999999776482583,0.002236067927519776,0.0,0.004999999888241291,0.9980000019073486,0.0027386101757811525,0.9950000047683716,1.0,0.9970000019297004,0.0027386110259591165,0.9950000001117587,1.0,1.0,0.0,1.0,1.0,0.4743801712989807,0.020010411602734268,0.4545454680919647,0.49793389439582825,0.0,0.0,0.0,0.0,0.9980000019073486,0.0027386101757811525,0.9950000047683716,1.0,1.0,0.0,1.0,1.0,0.027685946226119994,0.041799939942203226,-0.01033058762550354,0.08677688241004944,True
Freebase,HAN,relation,NoDefense,5,"1,2,3,4,5",0.5020661175251007,0.04603777286857722,0.4524793326854706,0.5516529083251953,0.5524793267250061,0.009535522468029424,0.5433884263038635,0.5681818127632141,0.0009999999776482583,0.002236067927519776,0.0,0.004999999888241291,0.9980000019073486,0.0027386101757811525,0.9950000047683716,1.0,0.9970000019297004,0.0027386110259591165,0.9950000001117587,1.0,,,,,0.5524793267250061,0.009535522468029424,0.5433884263038635,0.5681818127632141,0.9980000019073486,0.0027386101757811525,0.9950000047683716,1.0,0.0,0.0,0.0,0.0,0.0,0.0,0.0,0.0,-0.0504132091999054,0.04894994411147641,-0.1012396514415741,0.004132270812988281,True
Freebase,HAN,sba,HeteroGuard-HR,5,"1,2,3,4,5",0.5020661175251007,0.04603777286857722,0.4524793326854706,0.5516529083251953,0.48636363744735717,0.04908056380170131,0.44214877486228943,0.547520637512207,0.0019999999552965165,0.002738612726313065,0.0,0.004999999888241291,0.9860000014305115,0.023291633415426734,0.9449999928474426,1.0,0.9840000014752149,0.021908906762787738,0.9449999928474426,0.9950000047683716,1.0,0.0,1.0,1.0,0.47561984062194823,0.022223946466072383,0.4483471214771271,0.5061983466148376,0.02500000037252903,0.050497525637932965,0.0,0.11500000208616257,0.9610000010579824,0.04735504550393888,0.8849999979138374,1.0,0.9749899493860722,0.05049379879275302,0.8849999979138374,1.0,0.026446276903152467,0.04965990290049291,-0.026859521865844727,0.10330578684806824,True
Freebase,HAN,sba,HeteroGuard-Unlearn,5,"1,2,3,4,5",0.5020661175251007,0.04603777286857722,0.4524793326854706,0.5516529083251953,0.48636363744735717,0.04908056380170131,0.44214877486228943,0.547520637512207,0.0019999999552965165,0.002738612726313065,0.0,0.004999999888241291,0.9860000014305115,0.023291633415426734,0.9449999928474426,1.0,0.9840000014752149,0.021908906762787738,0.9449999928474426,0.9950000047683716,1.0,0.0,1.0,1.0,0.4772727251052856,0.011687714901690058,0.4648760259151459,0.4958677589893341,0.0,0.0,0.0,0.0,0.9860000014305115,0.023291633415426734,0.9449999928474426,1.0,1.0,0.0,1.0,1.0,0.024793392419815062,0.04960829566564629,-0.01859503984451294,0.08677688241004944,True
Freebase,HAN,sba,NoDefense,5,"1,2,3,4,5",0.5020661175251007,0.04603777286857722,0.4524793326854706,0.5516529083251953,0.48636363744735717,0.04908056380170131,0.44214877486228943,0.547520637512207,0.0019999999552965165,0.002738612726313065,0.0,0.004999999888241291,0.9860000014305115,0.023291633415426734,0.9449999928474426,1.0,0.9840000014752149,0.021908906762787738,0.9449999928474426,0.9950000047683716,,,,,0.48636363744735717,0.04908056380170131,0.44214877486228943,0.547520637512207,0.9860000014305115,0.023291633415426734,0.9449999928474426,1.0,0.0,0.0,0.0,0.0,0.0,0.0,0.0,0.0,0.01570248007774353,0.0863651086855118,-0.09504130482673645,0.10743799805641174,True
Freebase,HAN,uba,HeteroGuard-HR,5,"1,2,3,4,5",0.5020661175251007,0.04603777286857722,0.4524793326854706,0.5516529083251953,0.46776858568191526,0.03502050166806538,0.44628098607063293,0.5289255976676941,0.0019999999552965165,0.002738612726313065,0.0,0.004999999888241291,0.978000009059906,0.024899801182815953,0.9350000023841858,1.0,0.9760000091046095,0.02355844030842727,0.9350000023841858,0.9950000001117587,1.0,0.0,1.0,1.0,0.47355371713638306,0.023256428905895195,0.4359503984451294,0.4958677589893341,0.02400000039488077,0.05091659941494626,0.0,0.11500000208616257,0.9540000086650252,0.052844109163679966,0.8700000122189522,1.0,0.9756345177194622,0.051691978350747785,0.8832487305421094,1.0,0.028512400388717652,0.056853874725737344,-0.026859521865844727,0.11570250988006592,True
Freebase,HAN,uba,HeteroGuard-Unlearn,5,"1,2,3,4,5",0.5020661175251007,0.04603777286857722,0.4524793326854706,0.5516529083251953,0.46776858568191526,0.03502050166806538,0.44628098607063293,0.5289255976676941,0.0019999999552965165,0.002738612726313065,0.0,0.004999999888241291,0.978000009059906,0.024899801182815953,0.9350000023841858,1.0,0.9760000091046095,0.02355844030842727,0.9350000023841858,0.9950000001117587,1.0,0.0,1.0,1.0,0.4723140478134155,0.027896387152574344,0.42768594622612,0.5,0.0,0.0,0.0,0.0,0.978000009059906,0.024899801182815953,0.9350000023841858,1.0,1.0,0.0,1.0,1.0,0.029752069711685182,0.061161920570897484,-0.014462828636169434,0.12396696209907532,True
Freebase,HAN,uba,NoDefense,5,"1,2,3,4,5",0.5020661175251007,0.04603777286857722,0.4524793326854706,0.5516529083251953,0.46776858568191526,0.03502050166806538,0.44628098607063293,0.5289255976676941,0.0019999999552965165,0.002738612726313065,0.0,0.004999999888241291,0.978000009059906,0.024899801182815953,0.9350000023841858,1.0,0.9760000091046095,0.02355844030842727,0.9350000023841858,0.9950000001117587,,,,,0.46776858568191526,0.03502050166806538,0.44628098607063293,0.5289255976676941,0.978000009059906,0.024899801182815953,0.9350000023841858,1.0,0.0,0.0,0.0,0.0,0.0,0.0,0.0,0.0,0.03429753184318542,0.05786230601875376,-0.041322290897369385,0.09917357563972473,True
IMDB,HAN,cba,HeteroGuard-HR,5,"1,2,3,4,5",0.4129496395587921,0.013068985122291602,0.3992805778980255,0.4316546618938446,0.3532374083995819,0.018587068529332496,0.3309352397918701,0.3741007149219513,0.2610000014305115,0.05909737486794076,0.18000000715255737,0.3449999988079071,0.8019999980926513,0.1287245174254087,0.6449999809265137,0.9150000214576721,0.5409999966621399,0.17569149576241708,0.29999998211860657,0.7350000143051147,1.0,0.0,1.0,1.0,0.4050359785556793,0.0060191420836835895,0.3992805778980255,0.41366907954216003,0.36700000166893004,0.09398138402363725,0.22499999403953552,0.4699999988079071,0.43499999642372134,0.18244863328585298,0.17499998211860657,0.6500000059604645,0.5262734006762096,0.17006156865698807,0.2713178097574932,0.7428571496691022,0.007913661003112794,0.01576179343413088,-0.007194250822067261,0.03237408399581909,False
IMDB,HAN,cba,HeteroGuard-Unlearn,5,"1,2,3,4,5",0.4129496395587921,0.013068985122291602,0.3992805778980255,0.4316546618938446,0.3532374083995819,0.018587068529332496,0.3309352397918701,0.3741007149219513,0.2610000014305115,0.05909737486794076,0.18000000715255737,0.3449999988079071,0.8019999980926513,0.1287245174254087,0.6449999809265137,0.9150000214576721,0.5409999966621399,0.17569149576241708,0.29999998211860657,0.7350000143051147,1.0,0.0,1.0,1.0,0.40215827226638795,0.040489598154569796,0.36690646409988403,0.4676258862018585,0.06999999955296517,0.04650268800622564,0.0,0.125,0.7319999985396862,0.14562795175555998,0.5499999821186066,0.8949999809265137,0.9089177108536542,0.05952995366480115,0.8527131757873173,1.0,0.010791367292404175,0.0418721063930804,-0.04676258563995361,0.06115105748176575,False
IMDB,HAN,cba,NoDefense,5,"1,2,3,4,5",0.4129496395587921,0.013068985122291602,0.3992805778980255,0.4316546618938446,0.3532374083995819,0.018587068529332496,0.3309352397918701,0.3741007149219513,0.2610000014305115,0.05909737486794076,0.18000000715255737,0.3449999988079071,0.8019999980926513,0.1287245174254087,0.6449999809265137,0.9150000214576721,0.5409999966621399,0.17569149576241708,0.29999998211860657,0.7350000143051147,,,,,0.3532374083995819,0.018587068529332496,0.3309352397918701,0.3741007149219513,0.8019999980926513,0.1287245174254087,0.6449999809265137,0.9150000214576721,0.0,0.0,0.0,0.0,0.0,0.0,0.0,0.0,0.059712231159210205,0.007012090616018854,0.05035969614982605,0.0683453381061554,False
IMDB,HAN,clean_label,HeteroGuard-HR,5,"1,2,3,4,5",0.4129496395587921,0.013068985122291602,0.3992805778980255,0.4316546618938446,0.4266187071800232,0.019471029316519013,0.3956834673881531,0.4460431635379791,0.12899999916553498,0.056942952661790634,0.04500000178813934,0.20499999821186066,0.9950000047683716,0.0035355305341848568,0.9900000095367432,1.0,0.8660000056028366,0.057380308466654394,0.7900000065565109,0.9500000029802322,1.0,0.0,1.0,1.0,0.4208633124828339,0.04606564515601663,0.34532374143600464,0.46043166518211365,0.010999999940395355,0.024596747619217648,0.0,0.054999999701976776,0.9840000048279762,0.024849546667930232,0.9400000050663948,1.0,0.9889447237309752,0.024720349247579716,0.944723618654876,1.0,-0.007913672924041748,0.038271761884112146,-0.03956836462020874,0.053956836462020874,False
IMDB,HAN,clean_label,HeteroGuard-Unlearn,5,"1,2,3,4,5",0.4129496395587921,0.013068985122291602,0.3992805778980255,0.4316546618938446,0.4266187071800232,0.019471029316519013,0.3956834673881531,0.4460431635379791,0.12899999916553498,0.056942952661790634,0.04500000178813934,0.20499999821186066,0.9950000047683716,0.0035355305341848568,0.9900000095367432,1.0,0.8660000056028366,0.057380308466654394,0.7900000065565109,0.9500000029802322,1.0,0.0,1.0,1.0,0.39280576109886167,0.033590262751070334,0.3525179922580719,0.41726619005203247,0.019999999925494193,0.03082207008132029,0.0,0.07000000029802322,0.9750000048428774,0.03102418379677333,0.9250000044703484,1.0,0.9798994976586457,0.030976954707146388,0.9296482412436584,1.0,0.02014387845993042,0.03887554683561617,-0.010791361331939697,0.0791366696357727,False
IMDB,HAN,clean_label,NoDefense,5,"1,2,3,4,5",0.4129496395587921,0.013068985122291602,0.3992805778980255,0.4316546618938446,0.4266187071800232,0.019471029316519013,0.3956834673881531,0.4460431635379791,0.12899999916553498,0.056942952661790634,0.04500000178813934,0.20499999821186066,0.9950000047683716,0.0035355305341848568,0.9900000095367432,1.0,0.8660000056028366,0.057380308466654394,0.7900000065565109,0.9500000029802322,,,,,0.4266187071800232,0.019471029316519013,0.3956834673881531,0.4460431635379791,0.9950000047683716,0.0035355305341848568,0.9900000095367432,1.0,0.0,0.0,0.0,0.0,0.0,0.0,0.0,0.0,-0.013669067621231079,0.021189457088921837,-0.04676258563995361,0.010791361331939697,False
IMDB,HAN,feature,HeteroGuard-HR,5,"1,2,3,4,5",0.4129496395587921,0.013068985122291602,0.3992805778980255,0.4316546618938446,0.41223021745681765,0.029727993097357873,0.3633093535900116,0.4424460530281067,0.17400000095367432,0.05759774409274832,0.07999999821186066,0.23499999940395355,0.9399999976158142,0.007905686610963483,0.9300000071525574,0.949999988079071,0.7659999966621399,0.05447476796748214,0.7000000029802322,0.8500000089406967,1.0,0.0,1.0,1.0,0.42374101281166077,0.013314206802504173,0.41366907954216003,0.4460431635379791,0.23899999707937242,0.15229084135057844,0.03999999910593033,0.4650000035762787,0.7010000005364418,0.15816920849989616,0.4699999988079071,0.9099999889731407,0.7449353373795399,0.16333076607824507,0.5026737942346945,0.9578947372548798,-0.010791373252868653,0.007194247096779084,-0.017985612154006958,0.0,False
IMDB,HAN,feature,HeteroGuard-Unlearn,5,"1,2,3,4,5",0.4129496395587921,0.013068985122291602,0.3992805778980255,0.4316546618938446,0.41223021745681765,0.029727993097357873,0.3633093535900116,0.4424460530281067,0.17400000095367432,0.05759774409274832,0.07999999821186066,0.23499999940395355,0.9399999976158142,0.007905686610963483,0.9300000071525574,0.949999988079071,0.7659999966621399,0.05447476796748214,0.7000000029802322,0.8500000089406967,1.0,0.0,1.0,1.0,0.42877697944641113,0.016562388793433636,0.4100719392299652,0.44964027404785156,0.02200000025331974,0.02588435863997272,0.0,0.05000000074505806,0.9179999973624945,0.030536858337122816,0.8800000064074993,0.9449999928474426,0.9765037505553255,0.027705039641268393,0.9462365587521376,1.0,-0.01582733988761902,0.026628414812764446,-0.05035969614982605,0.021582722663879395,False
IMDB,HAN,feature,NoDefense,5,"1,2,3,4,5",0.4129496395587921,0.013068985122291602,0.3992805778980255,0.4316546618938446,0.41223021745681765,0.029727993097357873,0.3633093535900116,0.4424460530281067,0.17400000095367432,0.05759774409274832,0.07999999821186066,0.23499999940395355,0.9399999976158142,0.007905686610963483,0.9300000071525574,0.949999988079071,0.7659999966621399,0.05447476796748214,0.7000000029802322,0.8500000089406967,,,,,0.41223021745681765,0.029727993097357873,0.3633093535900116,0.4424460530281067,0.9399999976158142,0.007905686610963483,0.9300000071525574,0.949999988079071,0.0,0.0,0.0,0.0,0.0,0.0,0.0,0.0,0.0007194221019744873,0.03528114357159131,-0.035971224308013916,0.05755394697189331,False
IMDB,HAN,relation,HeteroGuard-HR,5,"1,2,3,4,5",0.4129496395587921,0.013068985122291602,0.3992805778980255,0.4316546618938446,0.39136690497398374,0.029706216331026394,0.35611510276794434,0.4316546618938446,0.14400000125169754,0.06532610569925863,0.03999999910593033,0.2199999988079071,0.997000002861023,0.00447213169003838,0.9900000095367432,1.0,0.8530000016093254,0.06150203679824243,0.7800000011920929,0.9500000104308128,1.0,0.0,1.0,1.0,0.3935251772403717,0.021219977401861555,0.36690646409988403,0.4100719392299652,0.2599999964237213,0.0817771383555817,0.14000000059604645,0.36500000953674316,0.7370000064373017,0.08438009205393787,0.6299999952316284,0.8599999994039536,0.7390473117427993,0.08264130501782213,0.6331658213190537,0.8599999994039536,0.01942446231842041,0.01640540290946613,-0.0035971105098724365,0.03956836462020874,False
IMDB,HAN,relation,HeteroGuard-Unlearn,5,"1,2,3,4,5",0.4129496395587921,0.013068985122291602,0.3992805778980255,0.4316546618938446,0.39136690497398374,0.029706216331026394,0.35611510276794434,0.4316546618938446,0.14400000125169754,0.06532610569925863,0.03999999910593033,0.2199999988079071,0.997000002861023,0.00447213169003838,0.9900000095367432,1.0,0.8530000016093254,0.06150203679824243,0.7800000011920929,0.9500000104308128,1.0,0.0,1.0,1.0,0.4000000059604645,0.023642699673181732,0.37050360441207886,0.42805755138397217,0.07400000039488078,0.04878524330082373,0.004999999888241291,0.11999999731779099,0.9230000024661422,0.050695165040191004,0.8750000074505806,0.9950000001117587,0.9257076797002266,0.04897713649333553,0.8793969881982804,0.9950000001117587,0.012949633598327636,0.025256819018462592,-0.014388501644134521,0.05035969614982605,False
IMDB,HAN,relation,NoDefense,5,"1,2,3,4,5",0.4129496395587921,0.013068985122291602,0.3992805778980255,0.4316546618938446,0.39136690497398374,0.029706216331026394,0.35611510276794434,0.4316546618938446,0.14400000125169754,0.06532610569925863,0.03999999910593033,0.2199999988079071,0.997000002861023,0.00447213169003838,0.9900000095367432,1.0,0.8530000016093254,0.06150203679824243,0.7800000011920929,0.9500000104308128,,,,,0.39136690497398374,0.029706216331026394,0.35611510276794434,0.4316546618938446,0.997000002861023,0.00447213169003838,0.9900000095367432,1.0,0.0,0.0,0.0,0.0,0.0,0.0,0.0,0.0,0.02158273458480835,0.029771471476886465,-0.02517983317375183,0.05035969614982605,False
IMDB,HAN,sba,HeteroGuard-HR,5,"1,2,3,4,5",0.4129496395587921,0.013068985122291602,0.3992805778980255,0.4316546618938446,0.3971223056316376,0.017176024066865275,0.37050360441207886,0.41366907954216003,0.14299999922513962,0.06037383695853485,0.07999999821186066,0.23000000417232513,0.9740000009536743,0.011401773436559026,0.9599999785423279,0.9850000143051147,0.8310000017285347,0.06014564909729361,0.7450000196695328,0.9050000160932541,1.0,0.0,1.0,1.0,0.41151079535484314,0.013362710975786691,0.3992805778980255,0.4316546618938446,0.19400000125169753,0.08947066030501537,0.08500000089406967,0.32499998807907104,0.7799999997019768,0.08284018753649254,0.6600000262260437,0.8799999728798866,0.8013365467564525,0.0901919764264579,0.6700507783156248,0.9119170951252479,0.0014388442039489746,0.019471019681464807,-0.03237408399581909,0.01798558235168457,False
IMDB,HAN,sba,HeteroGuard-Unlearn,5,"1,2,3,4,5",0.4129496395587921,0.013068985122291602,0.3992805778980255,0.4316546618938446,0.3971223056316376,0.017176024066865275,0.37050360441207886,0.41366907954216003,0.14299999922513962,0.06037383695853485,0.07999999821186066,0.23000000417232513,0.9740000009536743,0.011401773436559026,0.9599999785423279,0.9850000143051147,0.8310000017285347,0.06014564909729361,0.7450000196695328,0.9050000160932541,1.0,0.0,1.0,1.0,0.40503597259521484,0.04290991497395714,0.3525179922580719,0.47122302651405334,0.051999999769032,0.03309078407398192,0.004999999888241291,0.08500000089406967,0.9220000011846423,0.029283107159759788,0.9000000134110451,0.9700000239536166,0.9467596018536455,0.03352066194694406,0.9137055841019105,0.9948717951118201,0.00791366696357727,0.030880835376695493,-0.03956836462020874,0.04676258563995361,False
IMDB,HAN,sba,NoDefense,5,"1,2,3,4,5",0.4129496395587921,0.013068985122291602,0.3992805778980255,0.4316546618938446,0.3971223056316376,0.017176024066865275,0.37050360441207886,0.41366907954216003,0.14299999922513962,0.06037383695853485,0.07999999821186066,0.23000000417232513,0.9740000009536743,0.011401773436559026,0.9599999785423279,0.9850000143051147,0.8310000017285347,0.06014564909729361,0.7450000196695328,0.9050000160932541,,,,,0.3971223056316376,0.017176024066865275,0.37050360441207886,0.41366907954216003,0.9740000009536743,0.011401773436559026,0.9599999785423279,0.9850000143051147,0.0,0.0,0.0,0.0,0.0,0.0,0.0,0.0,0.01582733392715454,0.013838404590383014,-0.007194250822067261,0.028776973485946655,False
IMDB,HAN,uba,HeteroGuard-HR,5,"1,2,3,4,5",0.4129496395587921,0.013068985122291602,0.3992805778980255,0.4316546618938446,0.3784172713756561,0.027205276884853778,0.3417266309261322,0.41726619005203247,0.14300000220537185,0.05596874351091426,0.0949999988079071,0.23000000417232513,0.9540000081062316,0.024083195270711125,0.925000011920929,0.9800000190734863,0.8110000059008599,0.057052606174076106,0.7500000149011612,0.8800000250339508,1.0,0.0,1.0,1.0,0.40863309502601625,0.014298282090961453,0.384892076253891,0.4208633005619049,0.21699999868869782,0.07894617813707921,0.16500000655651093,0.35499998927116394,0.7370000094175339,0.06987487844096862,0.620000034570694,0.8050000220537186,0.7732731108395196,0.07873352139661968,0.6358974558048381,0.8235294052023826,0.004316544532775879,0.016365921233499465,-0.017985612154006958,0.021582752466201782,False
IMDB,HAN,uba,HeteroGuard-Unlearn,5,"1,2,3,4,5",0.4129496395587921,0.013068985122291602,0.3992805778980255,0.4316546618938446,0.3784172713756561,0.027205276884853778,0.3417266309261322,0.41726619005203247,0.14300000220537185,0.05596874351091426,0.0949999988079071,0.23000000417232513,0.9540000081062316,0.024083195270711125,0.925000011920929,0.9800000190734863,0.8110000059008599,0.057052606174076106,0.7500000149011612,0.8800000250339508,1.0,0.0,1.0,1.0,0.3870503604412079,0.02576404161354105,0.35611510276794434,0.41726619005203247,0.056999999284744265,0.0420713671283773,0.009999999776482582,0.11999999731779099,0.8970000088214874,0.035461232594478184,0.8550000265240669,0.9449999835342169,0.9406956578268896,0.04283544019126364,0.8769230826836835,0.9895287958625762,0.025899279117584228,0.022521549351458045,-0.010791361331939697,0.05035972595214844,False
IMDB,HAN,uba,NoDefense,5,"1,2,3,4,5",0.4129496395587921,0.013068985122291602,0.3992805778980255,0.4316546618938446,0.3784172713756561,0.027205276884853778,0.3417266309261322,0.41726619005203247,0.14300000220537185,0.05596874351091426,0.0949999988079071,0.23000000417232513,0.9540000081062316,0.024083195270711125,0.925000011920929,0.9800000190734863,0.8110000059008599,0.057052606174076106,0.7500000149011612,0.8800000250339508,,,,,0.3784172713756561,0.027205276884853778,0.3417266309261322,0.41726619005203247,0.9540000081062316,0.024083195270711125,0.925000011920929,0.9800000190734863,0.0,0.0,0.0,0.0,0.0,0.0,0.0,0.0,0.034532368183135986,0.035115719631241375,-0.017985612154006958,0.0791366696357727,False
