dataset,model,attack,variant,variant_order,n_seeds,seeds,clean_acc_mean,clean_acc_std,clean_acc_min,clean_acc_max,backdoored_clean_acc_mean,backdoored_clean_acc_std,backdoored_clean_acc_min,backdoored_clean_acc_max,clean_trigger_asr_mean,clean_trigger_asr_std,clean_trigger_asr_min,clean_trigger_asr_max,poisoned_asr_mean,poisoned_asr_std,poisoned_asr_min,poisoned_asr_max,learned_backdoor_gap_mean,learned_backdoor_gap_std,learned_backdoor_gap_min,learned_backdoor_gap_max,detection_f1_mean,detection_f1_std,detection_f1_min,detection_f1_max,defense_clean_acc_mean,defense_clean_acc_std,defense_clean_acc_min,defense_clean_acc_max,defense_asr_mean,defense_asr_std,defense_asr_min,defense_asr_max,asr_drop_mean,asr_drop_std,asr_drop_min,asr_drop_max,relative_asr_reduction_mean,relative_asr_reduction_std,relative_asr_reduction_min,relative_asr_reduction_max,utility_drop_mean,utility_drop_std,utility_drop_min,utility_drop_max,runtime_sec_mean,runtime_sec_std,runtime_sec_min,runtime_sec_max,all_attack_valid
ACM,HAN,uba,full,0,5,"1,2,3,4,5",0.886956536769867,0.004547067839580113,0.8804348111152649,0.8913043737411499,0.606521737575531,0.2764964108731006,0.30434781312942505,0.8260869383811951,0.08125,0.018814991529362963,0.0546875,0.1015625,0.9859375,0.023696485762661094,0.9453125,1.0,0.9046875,0.03882741762434118,0.84375,0.9453125,1.0,0.0,1.0,1.0,0.886956536769867,0.012975357550610474,0.875,0.907608687877655,0.015625,0.011048543456039806,0.0,0.0234375,0.9703125,0.02891680550519023,0.921875,1.0,0.984079020726748,0.01127990664254606,0.9752066115702479,1.0,0.0,0.017186282821682934,-0.027173876762390137,0.016304373741149902,29.929402542114257,0.29439913039482385,29.526718854904175,30.26212501525879,True
ACM,HAN,uba,wo_structural_signal,1,5,"1,2,3,4,5",0.886956536769867,0.004547067839580113,0.8804348111152649,0.8913043737411499,0.606521737575531,0.2764964108731006,0.30434781312942505,0.8260869383811951,0.08125,0.018814991529362963,0.0546875,0.1015625,0.9859375,0.023696485762661094,0.9453125,1.0,0.9046875,0.03882741762434118,0.84375,0.9453125,1.0,0.0,1.0,1.0,0.880434787273407,0.008593162615568493,0.8695651888847351,0.8913043737411499,0.0046875,0.00427908248050911,0.0,0.0078125,0.98125,0.02181912506838897,0.9453125,1.0,0.9952876984126984,0.004302021021503381,0.9920634920634921,1.0,0.006521749496459961,0.005953515522731527,0.0,0.016304373741149902,30.17065587043762,0.17020488633253858,29.914879322052002,30.382395267486572,True
ACM,HAN,uba,wo_feature_signal,2,5,"1,2,3,4,5",0.886956536769867,0.004547067839580113,0.8804348111152649,0.8913043737411499,0.606521737575531,0.2764964108731006,0.30434781312942505,0.8260869383811951,0.08125,0.018814991529362963,0.0546875,0.1015625,0.9859375,0.023696485762661094,0.9453125,1.0,0.9046875,0.03882741762434118,0.84375,0.9453125,1.0,0.0,1.0,1.0,0.866304361820221,0.017442188930603928,0.842391312122345,0.8804348111152649,0.0125,0.00427908248050911,0.0078125,0.015625,0.9734375,0.02181912506838897,0.9375,0.9921875,0.9873600042634133,0.004204846120456687,0.9841269841269841,0.9921875,0.020652174949645996,0.015080914698101343,0.005434751510620117,0.04347825050354004,30.06737651824951,0.2783315936446014,29.59684991836548,30.330523252487183,True
ACM,HAN,uba,wo_embedding_signal,3,5,"1,2,3,4,5",0.886956536769867,0.004547067839580113,0.8804348111152649,0.8913043737411499,0.606521737575531,0.2764964108731006,0.30434781312942505,0.8260869383811951,0.08125,0.018814991529362963,0.0546875,0.1015625,0.9859375,0.023696485762661094,0.9453125,1.0,0.9046875,0.03882741762434118,0.84375,0.9453125,1.0,0.0,1.0,1.0,0.87826087474823,0.0061966197768548986,0.8695651888847351,0.885869562625885,0.0109375,0.00427908248050911,0.0078125,0.015625,0.975,0.02304356438086348,0.9375,0.9921875,0.9889225042634133,0.0042693780861808505,0.9841269841269841,0.9921875,0.008695662021636963,0.004861022847504392,0.005434751510620117,0.016304373741149902,29.954681205749512,0.04222812657564434,29.919776916503906,30.00902819633484,True
ACM,HAN,uba,wo_hard_removal,4,5,"1,2,3,4,5",0.886956536769867,0.004547067839580113,0.8804348111152649,0.8913043737411499,0.606521737575531,0.2764964108731006,0.30434781312942505,0.8260869383811951,0.08125,0.018814991529362963,0.0546875,0.1015625,0.9859375,0.023696485762661094,0.9453125,1.0,0.9046875,0.03882741762434118,0.84375,0.9453125,1.0,0.0,1.0,1.0,0.843478262424469,0.009722037364877256,0.83152174949646,0.85326087474823,0.0671875,0.04228865188351362,0.0078125,0.1171875,0.91875,0.033420702556574124,0.8671875,0.953125,0.9323500836284927,0.04268564396355611,0.8809523809523809,0.9917355371900827,0.04347827434539795,0.0101675527875693,0.03260868787765503,0.05978262424468994,29.99014105796814,0.1616022238580144,29.73894190788269,30.159780740737915,True
ACM,HAN,uba,wo_trigger_purification,5,5,"1,2,3,4,5",0.886956536769867,0.004547067839580113,0.8804348111152649,0.8913043737411499,0.606521737575531,0.2764964108731006,0.30434781312942505,0.8260869383811951,0.08125,0.018814991529362963,0.0546875,0.1015625,0.9859375,0.023696485762661094,0.9453125,1.0,0.9046875,0.03882741762434118,0.84375,0.9453125,1.0,0.0,1.0,1.0,0.8739130377769471,0.00893026965662532,0.864130437374115,0.885869562625885,0.009375,0.006536406457297465,0.0,0.015625,0.9765625,0.024705294220065465,0.9375,1.0,0.9904850042634133,0.0065717965647760935,0.9841269841269841,1.0,0.013043498992919922,0.010594348326217985,0.0,0.027173936367034912,31.117209434509277,0.3279979819895178,30.81468439102173,31.47943615913391,True
ACM,HAN,uba,wo_trigger_unlearning,6,5,"1,2,3,4,5",0.886956536769867,0.004547067839580113,0.8804348111152649,0.8913043737411499,0.606521737575531,0.2764964108731006,0.30434781312942505,0.8260869383811951,0.08125,0.018814991529362963,0.0546875,0.1015625,0.9859375,0.023696485762661094,0.9453125,1.0,0.9046875,0.03882741762434118,0.84375,0.9453125,0.0,0.0,0.0,0.0,0.87826087474823,0.014172176905707188,0.85326087474823,0.885869562625885,0.109375,0.018321936561810272,0.0859375,0.125,0.8765625,0.037222278904911234,0.8203125,0.9140625,0.8888066951987407,0.020230183522239827,0.8677685950413223,0.9140625,0.008695662021636963,0.01701356330604045,-0.005434751510620117,0.03804349899291992,20.01722478866577,0.05683722215889182,19.926860809326172,20.08398747444153,True
ACM,HAN,uba,wo_target_suppression,7,5,"1,2,3,4,5",0.886956536769867,0.004547067839580113,0.8804348111152649,0.8913043737411499,0.606521737575531,0.2764964108731006,0.30434781312942505,0.8260869383811951,0.08125,0.018814991529362963,0.0546875,0.1015625,0.9859375,0.023696485762661094,0.9453125,1.0,0.9046875,0.03882741762434118,0.84375,0.9453125,0.0,0.0,0.0,0.0,0.8728260636329651,0.014172188334370587,0.8586956262588501,0.89673912525177,0.0109375,0.008907620508587016,0.0,0.0234375,0.975,0.031926276158910236,0.921875,1.0,0.9887417191394464,0.00942059732126953,0.9752066115702479,1.0,0.014130473136901855,0.0161221888822967,-0.01086956262588501,0.032608747482299805,29.776924180984498,0.37542647850890615,29.2535297870636,30.149914264678955,True
ACM,HAN,uba,only_hard_removal,8,5,"1,2,3,4,5",0.886956536769867,0.004547067839580113,0.8804348111152649,0.8913043737411499,0.606521737575531,0.2764964108731006,0.30434781312942505,0.8260869383811951,0.08125,0.018814991529362963,0.0546875,0.1015625,0.9859375,0.023696485762661094,0.9453125,1.0,0.9046875,0.03882741762434118,0.84375,0.9453125,0.0,0.0,0.0,0.0,0.869565212726593,0.008593162615568493,0.8586956262588501,0.8804348111152649,0.1140625,0.041560737744594956,0.0703125,0.1796875,0.871875,0.06264631311477954,0.765625,0.9296875,0.8835608520267612,0.04553877395205003,0.8099173553719008,0.9296875,0.017391324043273926,0.01045402297937846,0.0,0.027173936367034912,21.19727201461792,0.12926916307707484,21.039047718048096,21.347240447998047,True
ACM,HAN,uba,only_unlearning,9,5,"1,2,3,4,5",0.886956536769867,0.004547067839580113,0.8804348111152649,0.8913043737411499,0.606521737575531,0.2764964108731006,0.30434781312942505,0.8260869383811951,0.08125,0.018814991529362963,0.0546875,0.1015625,0.9859375,0.023696485762661094,0.9453125,1.0,0.9046875,0.03882741762434118,0.84375,0.9453125,0.0,0.0,0.0,0.0,0.869565212726593,0.010167568717555727,0.8586956262588501,0.8804348111152649,0.0046875,0.006987712429686843,0.0,0.015625,0.98125,0.021108212634541088,0.9453125,1.0,0.9953125,0.006987712429686843,0.984375,1.0,0.017391324043273926,0.008061109510709938,0.005434751510620117,0.027173936367034912,31.138327169418336,0.2808491394079331,30.89438271522522,31.533184051513672,True
ACM,HAN,relation,full,0,5,"1,2,3,4,5",0.886956536769867,0.004547067839580113,0.8804348111152649,0.8913043737411499,0.7282608866691589,0.13009465976208515,0.5163043737411499,0.842391312122345,0.075,0.011848242881330547,0.0625,0.09375,0.99375,0.013975424859373685,0.96875,1.0,0.91875,0.011848242881330547,0.90625,0.9296875,1.0,0.0,1.0,1.0,0.872826075553894,0.008242259847675282,0.864130437374115,0.885869562625885,0.0125,0.011848242881330547,0.0,0.0234375,0.98125,0.022507594204512395,0.9453125,1.0,0.9873487903225806,0.012026213902332758,0.9758064516129032,1.0,0.0141304612159729,0.004861016183433999,0.005434811115264893,0.016304373741149902,27.86211290359497,0.26443998948035874,27.482802867889404,28.164806842803955,True
ACM,HAN,relation,wo_structural_signal,1,5,"1,2,3,4,5",0.886956536769867,0.004547067839580113,0.8804348111152649,0.8913043737411499,0.7282608866691589,0.13009465976208515,0.5163043737411499,0.842391312122345,0.075,0.011848242881330547,0.0625,0.09375,0.99375,0.013975424859373685,0.96875,1.0,0.91875,0.011848242881330547,0.90625,0.9296875,1.0,0.0,1.0,1.0,0.866304337978363,0.008242267708093689,0.8586956262588501,0.875,0.0171875,0.017815241017174032,0.0,0.046875,0.9765625,0.019136638615493577,0.953125,1.0,0.9827620967741936,0.017782412359435933,0.953125,1.0,0.020652198791503908,0.007086099310108085,0.01086956262588501,0.027173936367034912,27.93855986595154,0.1701939644377359,27.703117847442627,28.125092029571533,True
ACM,HAN,relation,wo_feature_signal,2,5,"1,2,3,4,5",0.886956536769867,0.004547067839580113,0.8804348111152649,0.8913043737411499,0.7282608866691589,0.13009465976208515,0.5163043737411499,0.842391312122345,0.075,0.011848242881330547,0.0625,0.09375,0.99375,0.013975424859373685,0.96875,1.0,0.91875,0.011848242881330547,0.90625,0.9296875,1.0,0.0,1.0,1.0,0.869565212726593,0.01274571102234928,0.8586956262588501,0.8913043737411499,0.0140625,0.006536406457297465,0.0078125,0.0234375,0.9796875,0.01620034480728728,0.953125,0.9921875,0.9858366935483871,0.00657032680161701,0.9765625,0.9921875,0.017391324043273926,0.013532523865114889,-0.005434811115264893,0.027173936367034912,27.861541414260863,0.21214134116759842,27.537353515625,28.113063097000122,True
ACM,HAN,relation,wo_embedding_signal,3,5,"1,2,3,4,5",0.886956536769867,0.004547067839580113,0.8804348111152649,0.8913043737411499,0.7282608866691589,0.13009465976208515,0.5163043737411499,0.842391312122345,0.075,0.011848242881330547,0.0625,0.09375,0.99375,0.013975424859373685,0.96875,1.0,0.91875,0.011848242881330547,0.90625,0.9296875,1.0,0.0,1.0,1.0,0.8847826361656189,0.005953504640412307,0.8804348111152649,0.8913043737411499,0.0078125,0.0078125,0.0,0.015625,0.9859375,0.019452968121857393,0.953125,1.0,0.9920866935483871,0.007940707900527408,0.9838709677419355,1.0,0.002173900604248047,0.008242248057033615,-0.01086956262588501,0.01086956262588501,27.76395764350891,0.1191694729073673,27.625385522842407,27.90966773033142,True
ACM,HAN,relation,wo_hard_removal,4,5,"1,2,3,4,5",0.886956536769867,0.004547067839580113,0.8804348111152649,0.8913043737411499,0.7282608866691589,0.13009465976208515,0.5163043737411499,0.842391312122345,0.075,0.011848242881330547,0.0625,0.09375,0.99375,0.013975424859373685,0.96875,1.0,0.91875,0.011848242881330547,0.90625,0.9296875,1.0,0.0,1.0,1.0,0.84673912525177,0.02153435956586224,0.8152173757553101,0.8695651888847351,0.0484375,0.046351240544347895,0.0,0.1015625,0.9453125,0.05524271728019903,0.875,1.0,0.9509576612903226,0.04710396516647263,0.8984375,1.0,0.04021741151809692,0.019060523427981067,0.016304373741149902,0.06521743535995483,27.88766565322876,0.14549610712082842,27.673158645629883,28.05484127998352,True
ACM,HAN,relation,wo_trigger_purification,5,5,"1,2,3,4,5",0.886956536769867,0.004547067839580113,0.8804348111152649,0.8913043737411499,0.7282608866691589,0.13009465976208515,0.5163043737411499,0.842391312122345,0.075,0.011848242881330547,0.0625,0.09375,0.99375,0.013975424859373685,0.96875,1.0,0.91875,0.011848242881330547,0.90625,0.9296875,1.0,0.0,1.0,1.0,0.8706521630287171,0.013532521471326282,0.8586956262588501,0.8913043737411499,0.0109375,0.008907620508587016,0.0,0.0234375,0.9828125,0.018652088103614566,0.953125,1.0,0.9889616935483871,0.008976515940679467,0.9765625,1.0,0.016304373741149902,0.01385606305170303,-0.005434811115264893,0.032608747482299805,28.066585636138917,0.3674316444521092,27.578795671463013,28.54442071914673,True
ACM,HAN,relation,wo_trigger_unlearning,6,5,"1,2,3,4,5",0.886956536769867,0.004547067839580113,0.8804348111152649,0.8913043737411499,0.7282608866691589,0.13009465976208515,0.5163043737411499,0.842391312122345,0.075,0.011848242881330547,0.0625,0.09375,0.99375,0.013975424859373685,0.96875,1.0,0.91875,0.011848242881330547,0.90625,0.9296875,0.0,0.0,0.0,0.0,0.8760869622230529,0.01458305632497487,0.85326087474823,0.8913043737411499,0.140625,0.037057941330098196,0.1015625,0.1875,0.853125,0.03467553284558148,0.8125,0.8984375,0.8586189516129032,0.036494511248428944,0.8125,0.8984375,0.010869574546813966,0.01630434890590228,-0.005434811115264893,0.03260868787765503,19.16981511116028,0.1664398427095147,18.94778823852539,19.368832111358643,True
ACM,HAN,relation,wo_target_suppression,7,5,"1,2,3,4,5",0.886956536769867,0.004547067839580113,0.8804348111152649,0.8913043737411499,0.7282608866691589,0.13009465976208515,0.5163043737411499,0.842391312122345,0.075,0.011848242881330547,0.0625,0.09375,0.99375,0.013975424859373685,0.96875,1.0,0.91875,0.011848242881330547,0.90625,0.9296875,0.0,0.0,0.0,0.0,0.864130437374115,0.017186287533818657,0.842391312122345,0.885869562625885,0.003125,0.00427908248050911,0.0,0.0078125,0.990625,0.016937096397405312,0.9609375,1.0,0.9968245967741935,0.004349012773409365,0.9919354838709677,1.0,0.022826099395751955,0.020837267018754418,-0.005434751510620117,0.04891306161880493,27.64459710121155,0.3626959166982565,27.164936542510986,27.992658376693726,True
ACM,HAN,relation,only_hard_removal,8,5,"1,2,3,4,5",0.886956536769867,0.004547067839580113,0.8804348111152649,0.8913043737411499,0.7282608866691589,0.13009465976208515,0.5163043737411499,0.842391312122345,0.075,0.011848242881330547,0.0625,0.09375,0.99375,0.013975424859373685,0.96875,1.0,0.91875,0.011848242881330547,0.90625,0.9296875,0.0,0.0,0.0,0.0,0.8760869622230529,0.004547089211905214,0.8695651888847351,0.8804348111152649,0.1421875,0.02096313728906053,0.125,0.171875,0.8515625,0.03314563036811941,0.796875,0.875,0.856703629032258,0.022976077042275965,0.8225806451612904,0.875,0.010869574546813966,0.003842991794164275,0.005434751510620117,0.016304373741149902,19.220613288879395,0.2872572082814049,18.851417064666748,19.61539125442505,True
ACM,HAN,relation,only_unlearning,9,5,"1,2,3,4,5",0.886956536769867,0.004547067839580113,0.8804348111152649,0.8913043737411499,0.7282608866691589,0.13009465976208515,0.5163043737411499,0.842391312122345,0.075,0.011848242881330547,0.0625,0.09375,0.99375,0.013975424859373685,0.96875,1.0,0.91875,0.011848242881330547,0.90625,0.9296875,0.0,0.0,0.0,0.0,0.881521737575531,0.008930275097740727,0.8695651888847351,0.8913043737411499,0.003125,0.00427908248050911,0.0,0.0078125,0.990625,0.016937096397405312,0.9609375,1.0,0.9968245967741935,0.004349012773409365,0.9919354838709677,1.0,0.005434799194335938,0.010167552787551827,-0.005434751510620117,0.016304373741149902,27.907193613052367,0.2674134209730778,27.634641647338867,28.224624395370483,True
ACM,HAN,clean_label,full,0,5,"1,2,3,4,5",0.886956536769867,0.004547067839580113,0.8804348111152649,0.8913043737411499,0.816304349899292,0.01692651680961003,0.7989130616188049,0.8369565010070801,0.075,0.011848242881330547,0.0625,0.09375,0.8625,0.10606026257215753,0.703125,0.9921875,0.7875,0.1020720391286223,0.6328125,0.9140625,1.0,0.0,1.0,1.0,0.834782600402832,0.012511808772567872,0.8152173757553101,0.8478260636329651,0.0359375,0.014192111034831992,0.015625,0.0546875,0.8265625,0.1129980295735284,0.6640625,0.9765625,0.9571419574204851,0.018110911068033992,0.9375,0.984251968503937,0.052173936367034913,0.009094139241215571,0.04347825050354004,0.06521743535995483,27.977635383605957,0.18572168099378222,27.77026057243347,28.1921489238739,True
ACM,HAN,clean_label,wo_structural_signal,1,5,"1,2,3,4,5",0.886956536769867,0.004547067839580113,0.8804348111152649,0.8913043737411499,0.816304349899292,0.01692651680961003,0.7989130616188049,0.8369565010070801,0.075,0.011848242881330547,0.0625,0.09375,0.8625,0.10606026257215753,0.703125,0.9921875,0.7875,0.1020720391286223,0.6328125,0.9140625,0.998165137614679,0.004102877022935369,0.9908256880733946,1.0,0.84673912525177,0.019745560766661785,0.83152174949646,0.8804348111152649,0.05,0.026836818808308856,0.0234375,0.09375,0.8125,0.10951442006934521,0.6640625,0.96875,0.941462140689552,0.029518622287848562,0.896551724137931,0.9763779527559056,0.04021741151809692,0.01826928754489925,0.01086956262588501,0.05978262424468994,28.03811559677124,0.19938000419017926,27.7683584690094,28.27481985092163,True
ACM,HAN,clean_label,wo_feature_signal,2,5,"1,2,3,4,5",0.886956536769867,0.004547067839580113,0.8804348111152649,0.8913043737411499,0.816304349899292,0.01692651680961003,0.7989130616188049,0.8369565010070801,0.075,0.011848242881330547,0.0625,0.09375,0.8625,0.10606026257215753,0.703125,0.9921875,0.7875,0.1020720391286223,0.6328125,0.9140625,1.0,0.0,1.0,1.0,0.835869562625885,0.024122093311183826,0.8097826242446899,0.8586956262588501,0.046875,0.03268203228648733,0.015625,0.0859375,0.815625,0.13276653616405001,0.625,0.96875,0.9419014876604813,0.04518815780913348,0.8888888888888888,0.9827586206896551,0.05108697414398193,0.02566458767892204,0.027173936367034912,0.08152174949645996,27.95748291015625,0.37624107553510644,27.31315326690674,28.240767002105713,True
ACM,HAN,clean_label,wo_embedding_signal,3,5,"1,2,3,4,5",0.886956536769867,0.004547067839580113,0.8804348111152649,0.8913043737411499,0.816304349899292,0.01692651680961003,0.7989130616188049,0.8369565010070801,0.075,0.011848242881330547,0.0625,0.09375,0.8625,0.10606026257215753,0.703125,0.9921875,0.7875,0.1020720391286223,0.6328125,0.9140625,1.0,0.0,1.0,1.0,0.855434775352478,0.009872773821084339,0.842391312122345,0.864130437374115,0.021875,0.00855816496101822,0.015625,0.03125,0.840625,0.10691999235701899,0.6875,0.9765625,0.9743381807373982,0.010240363116176127,0.9626168224299065,0.984251968503937,0.03152176141738892,0.005953504640412307,0.027173936367034912,0.03804349899291992,28.014589738845824,0.24200795470812336,27.637319087982178,28.253034591674805,True
ACM,HAN,clean_label,wo_hard_removal,4,5,"1,2,3,4,5",0.886956536769867,0.004547067839580113,0.8804348111152649,0.8913043737411499,0.816304349899292,0.01692651680961003,0.7989130616188049,0.8369565010070801,0.075,0.011848242881330547,0.0625,0.09375,0.8625,0.10606026257215753,0.703125,0.9921875,0.7875,0.1020720391286223,0.6328125,0.9140625,1.0,0.0,1.0,1.0,0.859782600402832,0.023501909206813942,0.8260869383811951,0.885869562625885,0.08125,0.008907620508587016,0.0703125,0.09375,0.78125,0.10481568644530265,0.6171875,0.8984375,0.9046535210934599,0.01608431662810462,0.8777777777777778,0.9196428571428571,0.027173936367034912,0.02430510424118364,0.0,0.06521743535995483,27.966727876663207,0.1342690697161958,27.82911229133606,28.169437408447266,True
ACM,HAN,clean_label,wo_trigger_purification,5,5,"1,2,3,4,5",0.886956536769867,0.004547067839580113,0.8804348111152649,0.8913043737411499,0.816304349899292,0.01692651680961003,0.7989130616188049,0.8369565010070801,0.075,0.011848242881330547,0.0625,0.09375,0.8625,0.10606026257215753,0.703125,0.9921875,0.7875,0.1020720391286223,0.6328125,0.9140625,1.0,0.0,1.0,1.0,0.8543478131294251,0.018589807053748478,0.83152174949646,0.8695651888847351,0.040625,0.015027643798180739,0.0234375,0.0625,0.821875,0.10385043143567098,0.6640625,0.9453125,0.9526503273458848,0.017216728991748254,0.9285714285714286,0.9719626168224299,0.03260872364044189,0.022735324949539098,0.010869622230529785,0.05978262424468994,28.166416692733765,0.24947074290923776,27.807730674743652,28.462952375411987,True
ACM,HAN,clean_label,wo_trigger_unlearning,6,5,"1,2,3,4,5",0.886956536769867,0.004547067839580113,0.8804348111152649,0.8913043737411499,0.816304349899292,0.01692651680961003,0.7989130616188049,0.8369565010070801,0.075,0.011848242881330547,0.0625,0.09375,0.8625,0.10606026257215753,0.703125,0.9921875,0.7875,0.1020720391286223,0.6328125,0.9140625,0.0,0.0,0.0,0.0,0.8630434751510621,0.010454029176765136,0.85326087474823,0.8804348111152649,0.14375,0.03605618987254477,0.1015625,0.1875,0.71875,0.09866664797121164,0.6015625,0.875,0.8331791794233906,0.03659944031851393,0.7931034482758621,0.8818897637795275,0.02391306161880493,0.01364120589337905,0.0,0.032608747482299805,19.294555997848512,0.08535499373705696,19.176393508911133,19.41416049003601,True
ACM,HAN,clean_label,wo_target_suppression,7,5,"1,2,3,4,5",0.886956536769867,0.004547067839580113,0.8804348111152649,0.8913043737411499,0.816304349899292,0.01692651680961003,0.7989130616188049,0.8369565010070801,0.075,0.011848242881330547,0.0625,0.09375,0.8625,0.10606026257215753,0.703125,0.9921875,0.7875,0.1020720391286223,0.6328125,0.9140625,0.0,0.0,0.0,0.0,0.830434787273407,0.013532498730418403,0.820652186870575,0.85326087474823,0.040625,0.030458732327528014,0.015625,0.09375,0.821875,0.10760283054188212,0.671875,0.9609375,0.9527484576029672,0.03471958129652149,0.8928571428571429,0.9813084112149533,0.05652174949645996,0.01364120589337905,0.03260868787765503,0.06521743535995483,28.116455698013304,0.12509565736183434,28.01748824119568,28.315905332565308,True
ACM,HAN,clean_label,only_hard_removal,8,5,"1,2,3,4,5",0.886956536769867,0.004547067839580113,0.8804348111152649,0.8913043737411499,0.816304349899292,0.01692651680961003,0.7989130616188049,0.8369565010070801,0.075,0.011848242881330547,0.0625,0.09375,0.8625,0.10606026257215753,0.703125,0.9921875,0.7875,0.1020720391286223,0.6328125,0.9140625,0.0,0.0,0.0,0.0,0.840217387676239,0.00987278366445928,0.8260869383811951,0.85326087474823,0.14375,0.015229366163764007,0.1171875,0.15625,0.71875,0.09391261937633834,0.5859375,0.84375,0.8328200580832972,0.010612619470234454,0.822429906542056,0.8503937007874016,0.04673914909362793,0.01364120470602068,0.027173936367034912,0.06521743535995483,19.608783197402953,0.1650052274604514,19.3310124874115,19.767637491226196,True
ACM,HAN,clean_label,only_unlearning,9,5,"1,2,3,4,5",0.886956536769867,0.004547067839580113,0.8804348111152649,0.8913043737411499,0.816304349899292,0.01692651680961003,0.7989130616188049,0.8369565010070801,0.075,0.011848242881330547,0.0625,0.09375,0.8625,0.10606026257215753,0.703125,0.9921875,0.7875,0.1020720391286223,0.6328125,0.9140625,0.0,0.0,0.0,0.0,0.833695650100708,0.01826927601954606,0.820652186870575,0.864130437374115,0.025,0.0223715954113693,0.0078125,0.0625,0.8375,0.10296507485854123,0.6953125,0.96875,0.9714360394766961,0.025320005253477867,0.9285714285714286,0.9913793103448276,0.05326088666915894,0.018188270467713635,0.02173912525177002,0.06521743535995483,28.18754873275757,0.15557357019899065,27.97915768623352,28.321061849594116,True
ACM,HAN,cba,full,0,5,"1,2,3,4,5",0.886956536769867,0.004547067839580113,0.8804348111152649,0.8913043737411499,0.7141304194927216,0.19952388052461892,0.3695652186870575,0.8695651888847351,0.075,0.014192111034831992,0.0546875,0.09375,0.6484375,0.22541465697271107,0.390625,1.0,0.5734375,0.2342186978819155,0.3203125,0.9453125,1.0,0.0,1.0,1.0,0.883695662021637,0.014172178048592745,0.8695651888847351,0.907608687877655,0.065625,0.022507594204512395,0.0390625,0.09375,0.5828125,0.2174627302838351,0.34375,0.921875,0.8933604510104549,0.04077944816139216,0.8309859154929577,0.935064935064935,0.0032608747482299806,0.014172182620071375,-0.02173912525177002,0.010869622230529785,29.93239507675171,0.1844457141245238,29.681501865386963,30.15166735649109,False
ACM,HAN,cba,wo_structural_signal,1,5,"1,2,3,4,5",0.886956536769867,0.004547067839580113,0.8804348111152649,0.8913043737411499,0.7141304194927216,0.19952388052461892,0.3695652186870575,0.8695651888847351,0.075,0.014192111034831992,0.0546875,0.09375,0.6484375,0.22541465697271107,0.390625,1.0,0.5734375,0.2342186978819155,0.3203125,0.9453125,1.0,0.0,1.0,1.0,0.872826087474823,0.018669112921232328,0.8478260636329651,0.8913043737411499,0.071875,0.016937096397405312,0.0546875,0.09375,0.5765625,0.21161638438605126,0.3359375,0.90625,0.8844272576213152,0.0241362479998769,0.8591549295774648,0.9090909090909091,0.014130449295043946,0.02260506275025492,-0.01086956262588501,0.043478310108184814,30.013000106811525,0.3829137139880447,29.41193461418152,30.473238945007324,False
ACM,HAN,cba,wo_feature_signal,2,5,"1,2,3,4,5",0.886956536769867,0.004547067839580113,0.8804348111152649,0.8913043737411499,0.7141304194927216,0.19952388052461892,0.3695652186870575,0.8695651888847351,0.075,0.014192111034831992,0.0546875,0.09375,0.6484375,0.22541465697271107,0.390625,1.0,0.5734375,0.2342186978819155,0.3203125,0.9453125,1.0,0.0,1.0,1.0,0.880434799194336,0.0066562327069172415,0.875,0.8913043737411499,0.08125,0.022507594204512395,0.0625,0.109375,0.5671875,0.21061897246568267,0.328125,0.890625,0.8690291254678223,0.033346786386904276,0.8311688311688312,0.9101123595505618,0.006521737575531006,0.008930275097740727,-0.005434811115264893,0.016304373741149902,29.851054620742797,0.18830453890101703,29.631461143493652,30.044498443603516,False
ACM,HAN,cba,wo_embedding_signal,3,5,"1,2,3,4,5",0.886956536769867,0.004547067839580113,0.8804348111152649,0.8913043737411499,0.7141304194927216,0.19952388052461892,0.3695652186870575,0.8695651888847351,0.075,0.014192111034831992,0.0546875,0.09375,0.6484375,0.22541465697271107,0.390625,1.0,0.5734375,0.2342186978819155,0.3203125,0.9453125,1.0,0.0,1.0,1.0,0.8858695864677429,0.005434781312958848,0.8804348111152649,0.8913043737411499,0.0640625,0.02304356438086348,0.046875,0.1015625,0.584375,0.24353205400547379,0.2890625,0.953125,0.8819581346608764,0.08434161788921579,0.74,0.953125,0.0010869503021240234,0.008930262401786359,-0.01086956262588501,0.01086956262588501,30.00023694038391,0.17605806291081144,29.71372628211975,30.168009996414185,False
ACM,HAN,cba,wo_hard_removal,4,5,"1,2,3,4,5",0.886956536769867,0.004547067839580113,0.8804348111152649,0.8913043737411499,0.7141304194927216,0.19952388052461892,0.3695652186870575,0.8695651888847351,0.075,0.014192111034831992,0.0546875,0.09375,0.6484375,0.22541465697271107,0.390625,1.0,0.5734375,0.2342186978819155,0.3203125,0.9453125,1.0,0.0,1.0,1.0,0.872826099395752,0.019820203481689797,0.842391312122345,0.8913043737411499,0.09375,0.025315393353155705,0.0703125,0.125,0.5546875,0.2314267694312285,0.3125,0.9296875,0.8417548967194382,0.05821444739037287,0.7887323943661971,0.9296875,0.01413043737411499,0.016573871121533173,-0.005434811115264893,0.03804349899291992,30.13575143814087,0.3651565224237191,29.678795337677002,30.688157320022583,False
ACM,HAN,cba,wo_trigger_purification,5,5,"1,2,3,4,5",0.886956536769867,0.004547067839580113,0.8804348111152649,0.8913043737411499,0.7141304194927216,0.19952388052461892,0.3695652186870575,0.8695651888847351,0.075,0.014192111034831992,0.0546875,0.09375,0.6484375,0.22541465697271107,0.390625,1.0,0.5734375,0.2342186978819155,0.3203125,0.9453125,1.0,0.0,1.0,1.0,0.884782612323761,0.016484510852346326,0.864130437374115,0.907608687877655,0.05625,0.018652088103614566,0.03125,0.078125,0.5921875,0.22598255515498314,0.3125,0.9296875,0.902346433683819,0.05963750283069896,0.8,0.948051948051948,0.002173924446105957,0.017442188930603928,-0.02173912525177002,0.027173936367034912,31.211646842956544,0.2049638909440038,30.891862869262695,31.417510986328125,False
ACM,HAN,cba,wo_trigger_unlearning,6,5,"1,2,3,4,5",0.886956536769867,0.004547067839580113,0.8804348111152649,0.8913043737411499,0.7141304194927216,0.19952388052461892,0.3695652186870575,0.8695651888847351,0.075,0.014192111034831992,0.0546875,0.09375,0.6484375,0.22541465697271107,0.390625,1.0,0.5734375,0.2342186978819155,0.3203125,0.9453125,0.0,0.0,0.0,0.0,0.891304349899292,0.01630434393883296,0.864130437374115,0.907608687877655,0.0875,0.015027643798180739,0.0703125,0.109375,0.5609375,0.21426769362470396,0.3125,0.890625,0.8562264585983727,0.03908966414604457,0.8,0.890625,-0.004347813129425049,0.019745544361032794,-0.027173876762390137,0.027173936367034912,20.096932077407835,0.11814976332743593,19.971481561660767,20.25136089324951,False
ACM,HAN,cba,wo_target_suppression,7,5,"1,2,3,4,5",0.886956536769867,0.004547067839580113,0.8804348111152649,0.8913043737411499,0.7141304194927216,0.19952388052461892,0.3695652186870575,0.8695651888847351,0.075,0.014192111034831992,0.0546875,0.09375,0.6484375,0.22541465697271107,0.390625,1.0,0.5734375,0.2342186978819155,0.3203125,0.9453125,0.0,0.0,0.0,0.0,0.882608699798584,0.0174421852161922,0.8586956262588501,0.907608687877655,0.090625,0.01307281291459493,0.078125,0.109375,0.5578125,0.21711160994261683,0.296875,0.890625,0.8490156678066355,0.051148448334135566,0.76,0.890625,0.004347836971282959,0.01777764408100927,-0.02173912525177002,0.027173936367034912,30.027852058410645,0.07823254561707474,29.909363746643066,30.10662031173706,False
ACM,HAN,cba,only_hard_removal,8,5,"1,2,3,4,5",0.886956536769867,0.004547067839580113,0.8804348111152649,0.8913043737411499,0.7141304194927216,0.19952388052461892,0.3695652186870575,0.8695651888847351,0.075,0.014192111034831992,0.0546875,0.09375,0.6484375,0.22541465697271107,0.390625,1.0,0.5734375,0.2342186978819155,0.3203125,0.9453125,0.0,0.0,0.0,0.0,0.8836956739425659,0.0072915331604935995,0.875,0.8913043737411499,0.090625,0.015229366163764007,0.0703125,0.109375,0.5578125,0.21683030429203157,0.3046875,0.8984375,0.8503032845952117,0.044413293465842094,0.78,0.8984375,0.0032608628273010252,0.0098727935078424,-0.005434811115264893,0.016304373741149902,21.216793870925905,0.07776686084552664,21.095010995864868,21.297048091888428,False
ACM,HAN,cba,only_unlearning,9,5,"1,2,3,4,5",0.886956536769867,0.004547067839580113,0.8804348111152649,0.8913043737411499,0.7141304194927216,0.19952388052461892,0.3695652186870575,0.8695651888847351,0.075,0.014192111034831992,0.0546875,0.09375,0.6484375,0.22541465697271107,0.390625,1.0,0.5734375,0.2342186978819155,0.3203125,0.9453125,0.0,0.0,0.0,0.0,0.889130437374115,0.013088681689079552,0.875,0.907608687877655,0.053125,0.016937096397405312,0.0390625,0.078125,0.5953125,0.2177992732712853,0.328125,0.921875,0.9114701223171511,0.040936445425158695,0.84,0.9438202247191011,-0.002173900604248047,0.012511795827262239,-0.016304314136505127,0.01086956262588501,31.23758010864258,0.39826021533710243,30.550701379776,31.545631170272827,False
